ticker,signal,thresh,direction,target,stop,hold,n,pnl,wr,avg
CONL,mstr_pct_ma20,5,above,15,-20,30,47,4479153,70.2,9.54
CONL,mstr_pct_ma20,5,above,15,-15,20,50,4467263,66.0,8.94
IREN,btc_rsi,40,above,30,-20,45,38,4256128,57.9,11.21
IREN,btc_pct_ma20,0,above,30,-20,45,29,4116552,65.5,14.21
IREN,btc_rsi,40,above,12,-10,20,92,4057189,57.6,4.41
CONL,mstr_pct_ma20,5,above,25,-15,20,40,3957703,55.0,9.9
CONL,btc_pct_ma20,0,above,25,-15,20,56,3951934,46.4,7.06
CONL,mstr_pct_ma20,0,above,15,-15,20,63,3946705,58.7,6.27
CONL,btc_pct_ma20,0,above,15,-15,20,65,3872182,56.9,5.96
CONL,btc_mstr_combo,55,above,15,-15,20,57,3849839,59.6,6.76
IREN,btc_rsi,40,above,25,-20,30,42,3793765,54.8,9.04
CONL,mstr_pct_ma20,0,above,25,-15,20,50,3789596,50.0,7.59
CONL,mstr_rsi,55,above,25,-20,30,35,3788265,54.3,10.83
CONL,mstr_pct_ma20,5,above,20,-15,20,42,3786951,59.5,9.03
CONL,mstr_rsi,55,above,25,-15,20,44,3779245,52.3,8.6
CONL,mstr_rsi,55,above,20,-15,20,47,3723879,55.3,7.93
CONL,mstr_pct_ma20,5,above,30,-20,45,31,3713412,58.1,11.99
CONL,btc_mstr_combo,55,above,25,-15,20,49,3704276,49.0,7.57
IREN,btc_rsi,50,above,20,-15,20,55,3677132,56.4,6.69
CONL,mstr_pct_ma20,0,above,20,-15,20,54,3669707,53.7,6.8
CONL,btc_mstr_combo,55,above,30,-20,45,33,3611354,54.5,10.95
CONL,mstr_rsi,55,above,15,-15,20,56,3607020,58.9,6.45
PTIR,btc_pct_ma20,-5,above,25,-15,20,36,3602224,58.3,10.02
CONL,btc_mstr_combo,60,above,30,-20,45,29,3601277,55.2,12.43
IREN,btc_rsi,40,above,15,-20,30,57,3586054,63.2,6.3
IREN,mstr_pct_ma20,0,above,30,-20,45,28,3542789,64.3,12.67
IREN,btc_rsi,50,above,20,-20,30,45,3510597,64.4,7.81
CONL,btc_mstr_combo,55,above,20,-15,20,50,3501334,54.0,7.01
IREN,btc_pct_ma20,0,above,20,-20,30,40,3498033,67.5,8.75
IREN,btc_pct_ma20,-5,above,12,-10,20,101,3494959,54.5,3.46
IREN,btc_pct_ma20,0,above,12,-10,20,72,3493957,59.7,4.86
PTIR,mstr_pct_ma20,0,above,30,-20,45,16,3493002,75.0,21.85
IREN,btc_pct_ma20,-5,above,30,-20,45,40,3470949,52.5,8.69
IREN,btc_rsi,40,above,15,-15,20,68,3456187,60.3,5.09
IREN,mstr_rsi,55,above,12,-10,20,55,3445224,61.8,6.27
CONL,mstr_rsi,60,above,20,-15,20,41,3433077,53.7,8.38
IREN,btc_pct_ma20,-5,above,25,-20,30,46,3400404,50.0,7.4
PTIR,mstr_rsi,55,above,30,-20,45,13,3387691,84.6,26.09
CONL,btc_pct_ma20,0,above,30,-20,45,41,3372481,48.8,8.23
CONL,mstr_pct_ma20,5,above,25,-20,30,34,3359661,55.9,9.89
CONL,btc_pct_ma20,0,above,25,-20,30,47,3359155,48.9,7.15
CONL,btc_momentum3,0,above,12,-10,20,105,3357114,54.3,3.2
IREN,btc_pct_ma20,0,above,25,-20,30,34,3351015,64.7,9.87
PTIR,btc_rsi,60,above,15,-20,30,23,3337397,82.6,14.52
CONL,btc_pct_ma20,0,above,20,-15,20,57,3309239,50.9,5.81
CONL,mstr_pct_ma20,0,above,25,-20,30,40,3306099,52.5,8.27
CONL,btc_momentum3,0,above,15,-15,20,86,3279830,55.8,3.82
PTIR,mstr_rsi,55,above,25,-20,30,15,3250203,86.7,21.69
CONL,btc_mstr_combo,55,above,25,-20,30,37,3228451,54.1,8.73
IREN,btc_rsi,60,above,30,-20,45,25,3227882,64.0,12.92
CONL,btc_mstr_combo,60,above,15,-15,20,44,3212889,61.4,7.31
PTIR,mstr_rsi,55,above,15,-15,20,25,3211885,80.0,12.86
PTIR,mstr_rsi,55,above,20,-15,20,21,3197596,76.2,15.24
IREN,btc_momentum3,0,above,25,-15,20,60,3184800,51.7,5.31
PTIR,btc_mstr_combo,55,above,20,-15,20,21,3177987,76.2,15.15
PTIR,mstr_pct_ma20,0,above,20,-15,20,24,3171744,75.0,13.23
CONL,btc_pct_ma20,0,above,15,-20,30,59,3168735,59.3,5.38
IREN,btc_rsi,60,above,25,-20,30,29,3147643,62.1,10.86
IREN,btc_pct_ma20,-5,above,15,-20,30,57,3138381,61.4,5.51
PTIR,mstr_pct_ma20,0,above,25,-15,20,21,3138264,76.2,14.96
CONL,btc_rsi,40,above,15,-15,20,86,3137672,48.8,3.65
PTIR,mstr_pct_ma20,5,above,20,-20,30,20,3128749,75.0,15.66
CONL,btc_mstr_combo,55,above,15,-20,30,51,3121920,62.7,6.13
IREN,mstr_pct_ma20,0,above,12,-10,20,59,3121103,57.6,5.3
PTIR,btc_mstr_combo,60,above,15,-20,30,19,3119522,89.5,16.43
CONL,mstr_pct_ma20,0,above,15,-20,30,56,3117950,62.5,5.57
PTIR,mstr_rsi,55,above,20,-20,30,19,3113148,78.9,16.4
CONL,btc_mstr_combo,60,above,20,-15,20,41,3104007,56.1,7.58
IREN,btc_rsi,40,above,20,-20,30,45,3102632,55.6,6.9
IREN,btc_rsi,50,above,25,-15,20,50,3098388,56.0,6.2
CONL,mstr_pct_ma20,5,above,20,-20,30,38,3090302,60.5,8.14
PTIR,mstr_rsi,55,above,15,-20,30,23,3089256,82.6,13.44
CONL,mstr_rsi,55,above,30,-20,45,31,3087090,51.6,9.97
IREN,btc_rsi,50,above,12,-10,20,75,3083677,58.7,4.12
PTIR,btc_rsi,40,above,12,-10,20,54,3083582,64.8,5.72
IREN,btc_rsi,50,above,15,-20,30,51,3079264,66.7,6.04
PTIR,btc_rsi,40,above,30,-20,45,25,3072775,60.0,12.3
IREN,btc_mstr_combo,55,above,20,-20,30,37,3067156,64.9,8.3
PTIR,btc_momentum3,0,above,20,-20,30,28,3063785,67.9,10.95
IREN,btc_rsi,40,above,20,-15,20,59,3058107,52.5,5.19
IREN,btc_pct_ma20,-5,above,20,-20,30,49,3056280,55.1,6.24
PTIR,mstr_pct_ma20,5,above,15,-20,30,24,3044764,79.2,12.7
IREN,btc_momentum3,0,above,20,-20,30,49,3040297,59.2,6.21
PTIR,btc_mstr_combo,55,above,25,-15,20,19,3030262,73.7,15.96
IREN,mstr_rsi,55,above,25,-20,30,29,3028961,65.5,10.46
CONL,mstr_pct_ma20,0,above,30,-20,45,34,3025534,52.9,8.91
PTIR,mstr_pct_ma20,0,above,15,-15,20,29,3025354,75.9,10.44
PTIR,btc_pct_ma20,0,above,25,-20,30,23,3021692,69.6,13.15
CONL,btc_rsi,50,above,25,-20,30,47,3014039,46.8,6.42
PTIR,mstr_pct_ma20,5,above,25,-20,30,15,3008641,80.0,20.08
IREN,btc_momentum3,0,above,15,-20,30,58,3004035,63.8,5.18
CONL,mstr_rsi,60,above,15,-15,20,45,3001922,57.8,6.68
IREN,btc_mstr_combo,55,above,30,-20,45,30,2996522,60.0,10.0
IREN,btc_pct_ma20,-5,above,20,-15,20,64,2981911,51.6,4.66
IREN,btc_momentum3,0,above,25,-20,30,43,2973032,53.5,6.92
CONL,btc_rsi,40,above,20,-15,20,81,2966755,44.4,3.67
PTIR,btc_pct_ma20,-5,above,12,-10,20,57,2952254,63.2,5.18
IREN,btc_rsi,50,above,30,-20,45,31,2948877,54.8,9.52
IREN,btc_rsi,60,above,15,-15,20,42,2945941,69.0,7.02
CONL,btc_momentum3,0,above,15,-20,30,76,2943727,57.9,3.88
IREN,btc_ret3,3,above,30,-20,45,28,2943537,64.3,10.52
IREN,btc_mstr_combo,55,above,12,-10,20,57,2943129,59.6,5.17
IREN,btc_rsi,60,above,25,-15,20,33,2940429,60.6,8.92
IREN,mstr_rsi,55,above,20,-20,30,34,2939210,67.6,8.65
CONL,mstr_rsi,55,above,15,-20,30,50,2935867,62.0,5.88
IREN,btc_mstr_combo,60,above,30,-20,45,24,2932279,62.5,12.23
PTIR,mstr_rsi,55,above,25,-15,20,16,2925402,81.2,18.3
IREN,btc_mstr_combo,55,above,25,-20,30,32,2921733,59.4,9.14
PTIR,btc_pct_ma20,0,above,15,-20,30,28,2909742,75.0,10.4
PTIR,btc_mstr_combo,55,above,30,-20,45,15,2907582,73.3,19.4
IREN,btc_momentum3,0,above,12,-10,20,92,2903600,54.3,3.16
IREN,btc_rsi,50,above,15,-15,20,58,2897793,58.6,5.0
PTIR,btc_mstr_combo,60,above,20,-20,30,16,2890601,81.2,18.08
CONL,mstr_rsi,60,above,15,-20,30,40,2889687,62.5,7.23
PTIR,mstr_pct_ma20,5,above,25,-15,20,16,2883634,75.0,18.04
PTIR,btc_momentum3,0,above,15,-20,30,34,2883567,73.5,8.49
PTIR,mstr_pct_ma20,5,above,15,-15,20,25,2881632,76.0,11.54
PTIR,mstr_pct_ma20,5,above,20,-15,20,21,2871995,71.4,13.69
IREN,mstr_pct_ma20,0,above,25,-20,30,30,2870159,60.0,9.58
CONL,btc_rsi,40,above,30,-20,45,58,2864675,39.7,4.94
CONL,btc_mstr_combo,60,above,12,-10,20,51,2862430,56.9,5.62
PTIR,btc_pct_ma20,0,above,12,-10,20,39,2862199,71.8,7.35
IREN,btc_pct_ma20,-5,above,15,-15,20,69,2857807,58.0,4.15
IREN,mstr_rsi,55,above,30,-20,45,24,2855901,62.5,11.91
IREN,btc_momentum3,0,above,20,-15,20,64,2854771,51.6,4.47
PTIR,mstr_rsi,55,above,12,-10,20,28,2845066,78.6,10.17
IREN,btc_pct_ma20,0,above,15,-20,30,44,2842595,68.2,6.47
IREN,btc_rsi,60,above,20,-20,30,34,2841732,67.6,8.37
CONL,btc_pct_ma20,0,above,20,-20,30,49,2831612,55.1,5.78
PTIR,btc_mstr_combo,60,above,15,-15,20,22,2828802,81.8,12.87
PTIR,btc_rsi,40,above,15,-20,30,34,2814401,70.6,8.29
IREN,btc_momentum3,0,above,30,-20,45,39,2800821,53.8,7.19
IREN,btc_momentum3,0,above,15,-15,20,68,2799962,58.8,4.12
PTIR,btc_rsi,60,above,30,-20,45,14,2798244,71.4,20.01
PTIR,btc_mstr_combo,55,above,15,-20,30,21,2796747,81.0,13.33
IREN,btc_rsi,60,above,12,-10,20,54,2791595,61.1,5.17
IREN,btc_pct_ma20,5,above,30,-20,45,21,2789307,66.7,13.3
IREN,btc_mstr_combo,55,above,25,-15,20,38,2771937,57.9,7.3
PTIR,btc_pct_ma20,0,above,30,-20,45,17,2765915,64.7,16.29
CONL,mstr_rsi,55,above,20,-20,30,39,2765441,56.4,7.1
IREN,btc_rsi,40,above,25,-15,20,58,2763718,50.0,4.77
CONL,mstr_rsi,60,above,30,-20,45,27,2758559,51.9,10.23
IREN,btc_mstr_combo,55,above,15,-20,30,40,2754218,67.5,6.89
IREN,mstr_rsi,55,above,15,-20,30,39,2753177,71.8,7.07
CONL,btc_mstr_combo,60,above,15,-20,30,41,2752286,63.4,6.72
PTIR,btc_mstr_combo,55,above,15,-15,20,26,2750395,69.2,10.59
PTIR,mstr_pct_ma20,0,above,20,-20,30,21,2740391,71.4,13.06
CONL,btc_rsi,60,above,15,-15,20,50,2738128,60.0,5.48
PTIR,btc_rsi,60,above,25,-20,30,17,2736631,70.6,16.11
CONL,btc_rsi,60,above,30,-20,45,31,2735942,51.6,8.83
NVDL,btc_rsi,40,above,25,-15,20,52,2734973,55.8,5.26
PTIR,btc_mstr_combo,60,above,30,-20,45,13,2730762,76.9,21.03
PTIR,mstr_pct_ma20,0,above,15,-20,30,23,2730084,78.3,11.88
PTIR,btc_rsi,60,above,15,-15,20,25,2713818,76.0,10.87
CONL,mstr_pct_ma20,0,above,12,-10,20,75,2712503,56.0,3.62
IREN,btc_mstr_combo,55,above,20,-15,20,41,2703417,58.5,6.6
IREN,btc_rsi,50,above,25,-20,30,35,2699831,57.1,7.72
PTIR,mstr_rsi,60,above,15,-20,30,16,2696787,87.5,16.87
IREN,mstr_rsi,55,above,25,-15,20,32,2689565,56.2,8.41
IREN,btc_ret3,3,above,25,-20,30,32,2689402,59.4,8.41
IREN,btc_pct_ma20,-5,above,25,-15,20,59,2687847,49.2,4.56
PTIR,mstr_rsi,60,above,20,-20,30,13,2677248,84.6,20.61
PTIR,btc_rsi,40,above,25,-20,30,28,2672481,60.7,9.55
PTIR,btc_rsi,60,above,25,-15,20,18,2668591,72.2,14.84
CONL,btc_mstr_combo,60,above,25,-15,20,42,2654921,50.0,6.33
PTIR,btc_rsi,60,above,20,-20,30,18,2649114,72.2,14.73
IREN,mstr_pct_ma20,0,above,20,-20,30,37,2647687,62.2,7.16
CONL,mstr_rsi,35,below,15,-15,20,40,2647068,57.5,6.62
CONL,mstr_pct_ma20,0,above,20,-20,30,44,2645620,56.8,6.02
PTIR,btc_rsi,40,above,15,-15,20,41,2644782,65.9,6.46
PTIR,mstr_rsi,60,above,15,-15,20,21,2637770,81.0,12.57
PTIR,btc_mstr_combo,55,above,25,-20,30,16,2637115,75.0,16.5
PTIR,btc_mstr_combo,60,above,12,-10,20,25,2633998,76.0,10.55
PTIR,btc_momentum3,0,above,30,-20,45,21,2628997,61.9,12.53
CONL,mstr_pct_ma20,5,above,12,-10,20,60,2616182,60.0,4.36
PTIR,btc_rsi,50,above,15,-20,30,27,2608270,74.1,9.67
PTIR,btc_pct_ma20,-5,above,15,-15,20,45,2607792,62.2,5.8
IREN,mstr_rsi,55,above,15,-15,20,43,2605360,62.8,6.07
PTIR,btc_mstr_combo,55,above,20,-20,30,17,2601984,76.5,15.32
CONL,btc_mstr_combo,60,above,25,-20,30,31,2599384,54.8,8.39
PTIR,btc_rsi,40,above,20,-15,20,35,2594149,57.1,7.42
CONL,btc_ret3,3,above,30,-20,45,36,2585853,50.0,7.19
PTIR,btc_rsi,60,above,20,-15,20,19,2581074,73.7,13.6
CONL,btc_rsi,50,above,30,-20,45,41,2575864,43.9,6.29
NVDL,btc_pct_ma20,-5,above,30,-20,45,36,2572550,52.8,7.15
IREN,mstr_pct_ma20,0,above,25,-15,20,37,2564256,54.1,6.94
PTIR,btc_rsi,50,above,30,-20,45,20,2557922,60.0,12.8
IREN,btc_rsi,60,above,20,-15,20,37,2552116,64.9,6.9
PTIR,btc_momentum3,0,above,12,-10,20,50,2545628,64.0,5.1
PTIR,btc_pct_ma20,-5,above,15,-20,30,35,2545536,65.7,7.28
IREN,btc_mstr_combo,60,above,25,-15,20,30,2539490,56.7,8.47
IREN,btc_rsi,60,above,15,-20,30,37,2523055,70.3,6.83
PTIR,btc_pct_ma20,-5,above,20,-15,20,39,2520583,53.8,6.47
CONL,btc_pct_ma20,5,above,25,-15,20,32,2519736,50.0,7.88
NVDL,btc_ret3,3,above,30,-20,45,24,2502630,62.5,10.44
CONL,btc_pct_ma20,5,above,30,-20,45,27,2500697,51.9,9.27
PTIR,mstr_pct_ma20,0,above,25,-20,30,18,2494345,72.2,13.87
NVDL,btc_ret3,3,above,15,-20,30,37,2494278,70.3,6.75
CONL,btc_mstr_combo,60,above,20,-20,30,35,2487320,57.1,7.11
PTIR,btc_pct_ma20,-5,above,25,-20,30,28,2485221,57.1,8.88
PTIR,btc_pct_ma20,0,above,15,-15,20,35,2477172,68.6,7.08
PTIR,btc_pct_ma20,5,above,15,-20,30,17,2472369,82.4,14.56
CONL,btc_rsi,40,above,15,-20,30,79,2472333,49.4,3.13
PTIR,btc_pct_ma20,0,above,20,-15,20,29,2467663,65.5,8.52
CONL,btc_rsi,60,above,25,-15,20,43,2462744,48.8,5.73
PTIR,mstr_pct_ma20,0,above,12,-10,20,33,2445178,72.7,7.42
CONL,mstr_rsi,35,below,15,-20,30,40,2443683,60.0,6.12
IREN,btc_mstr_combo,55,above,15,-15,20,45,2439111,62.2,5.43
PTIR,mstr_rsi,60,above,20,-15,20,15,2436222,80.0,16.26
CONL,btc_mstr_combo,55,above,20,-20,30,42,2435925,54.8,5.81
NVDL,btc_mstr_combo,60,above,30,-20,45,17,2426329,70.6,14.29
PTIR,btc_rsi,40,above,20,-20,30,30,2424384,60.0,8.09
NVDL,btc_pct_ma20,-5,above,20,-20,30,46,2423119,60.9,5.27
CONL,btc_pct_ma20,-5,above,15,-15,20,93,2415464,51.6,2.6
IREN,btc_mstr_combo,60,above,25,-20,30,28,2413892,60.7,8.63
NVDL,btc_momentum3,0,above,15,-20,30,46,2408494,65.2,5.24
CONL,mstr_rsi,55,above,12,-10,20,68,2404338,55.9,3.54
CONL,btc_rsi,60,above,25,-20,30,35,2401277,51.4,6.87
PTIR,mstr_rsi,60,above,12,-10,20,22,2392220,77.3,10.88
CONL,btc_ret3,5,above,15,-15,20,37,2389785,62.2,6.47
IREN,mstr_rsi,55,above,20,-15,20,37,2388678,54.1,6.46
IREN,mstr_pct_ma20,0,above,15,-20,30,40,2386238,65.0,5.97
PTIR,btc_pct_ma20,5,above,20,-20,30,14,2380158,78.6,17.02
IREN,btc_pct_ma20,0,above,20,-15,20,52,2374550,53.8,4.57
PTIR,btc_momentum3,0,above,20,-15,20,34,2368662,64.7,6.97
NVDL,btc_rsi,40,above,30,-20,45,32,2363672,53.1,7.39
PTIR,btc_mstr_combo,60,above,25,-20,30,14,2363560,78.6,16.9
NVDL,btc_momentum3,0,above,20,-20,30,41,2361165,61.0,5.76
NVDL,btc_pct_ma20,-5,above,15,-20,30,53,2353812,66.0,4.45
NVDL,btc_rsi,40,above,20,-20,30,47,2348813,61.7,5.0
IREN,mstr_pct_ma20,0,above,20,-15,20,42,2346438,54.8,5.59
CONL,btc_rsi,50,above,25,-15,20,58,2338163,41.4,4.04
PTIR,btc_rsi,60,above,12,-10,20,27,2325981,74.1,8.62
PTIR,btc_momentum3,0,above,25,-20,30,24,2321253,66.7,9.68
IREN,btc_ret3,3,above,12,-10,20,59,2317342,57.6,3.93
CONL,mstr_rsi,60,above,25,-15,20,36,2305409,44.4,6.41
IREN,mstr_rsi,35,below,25,-20,30,28,2295642,53.6,8.21
PTIR,btc_pct_ma20,0,above,20,-20,30,26,2292109,61.5,8.82
PTIR,mstr_pct_ma20,5,above,12,-10,20,28,2291940,75.0,8.19
IREN,btc_ret3,3,above,15,-20,30,44,2291471,63.6,5.21
IREN,mstr_rsi,35,below,30,-20,45,27,2287581,55.6,8.48
CONL,btc_rsi,40,above,25,-15,20,77,2284974,39.0,2.97
PTIR,btc_momentum3,0,above,25,-15,20,31,2284886,61.3,7.38
IREN,btc_ret3,3,above,15,-15,20,48,2279411,58.3,4.75
CONL,mstr_rsi,60,above,25,-20,30,28,2272129,50.0,8.12
IREN,btc_mstr_combo,60,above,20,-20,30,30,2271791,63.3,7.58
IREN,btc_pct_ma20,5,above,25,-20,30,24,2267213,62.5,9.46
IREN,btc_pct_ma20,0,above,25,-15,20,49,2262375,53.1,4.62
CONL,btc_pct_ma20,-5,above,30,-20,45,57,2259621,43.9,3.97
PTIR,btc_rsi,40,above,25,-15,20,31,2256184,58.1,7.29
IREN,btc_pct_ma20,0,above,15,-15,20,54,2255429,57.4,4.18
CONL,btc_rsi,60,above,15,-20,30,45,2249611,62.2,5.0
IREN,btc_pct_ma20,5,above,25,-15,20,26,2249499,61.5,8.66
IREN,btc_ret3,5,above,30,-20,45,20,2246687,65.0,11.24
CONL,btc_pct_ma20,-5,above,15,-20,30,81,2244346,54.3,2.77
IREN,btc_ret3,3,above,20,-20,30,36,2234235,61.1,6.21
PTIR,btc_ret3,5,above,15,-20,30,16,2226556,87.5,13.93
PTIR,btc_mstr_combo,60,above,20,-15,20,16,2223653,75.0,13.91
CONL,mstr_rsi,60,above,20,-20,30,34,2218213,55.9,6.53
IREN,btc_mstr_combo,60,above,20,-15,20,31,2212243,58.1,7.14
NVDL,btc_rsi,40,above,15,-20,30,49,2209567,65.3,4.51
PTIR,btc_momentum3,0,above,15,-15,20,45,2196219,64.4,4.89
PTIR,btc_ret3,3,above,25,-20,30,19,2194003,68.4,11.56
NVDL,btc_rsi,40,above,20,-15,20,55,2188014,56.4,3.98
IREN,btc_rsi,35,below,30,-20,45,21,2177441,61.9,10.38
CONL,btc_rsi,60,above,20,-15,20,44,2170388,54.5,4.94
NVDL,btc_ret3,3,above,25,-20,30,31,2168596,64.5,7.0
NVDL,btc_pct_ma20,-5,above,25,-20,30,44,2167967,56.8,4.93
NVDL,btc_rsi,40,above,15,-15,20,58,2160342,58.6,3.73
CONL,btc_ret3,3,above,15,-15,20,56,2159213,55.4,3.86
IREN,mstr_pct_ma20,0,above,15,-15,20,44,2142264,59.1,4.87
NVDL,mstr_rsi,55,above,25,-20,30,26,2131155,73.1,8.2
NVDL,btc_momentum3,0,above,30,-20,45,30,2127917,53.3,7.1
CONL,btc_ret3,5,above,20,-15,20,36,2127204,58.3,5.91
PTIR,btc_mstr_combo,55,above,12,-10,20,31,2125722,67.7,6.86
CONL,btc_ret3,5,above,15,-20,30,34,2114387,64.7,6.23
PTIR,btc_rsi,50,above,12,-10,20,42,2098127,61.9,5.0
PTIR,btc_pct_ma20,0,above,25,-15,20,26,2096187,65.4,8.07
PTIR,btc_pct_ma20,-5,above,30,-20,45,25,2080093,52.0,8.33
CONL,btc_rsi,50,above,15,-15,20,69,2078340,50.7,3.02
NVDL,btc_pct_ma20,-5,above,25,-15,20,55,2077611,50.9,3.78
IREN,btc_pct_ma20,5,above,20,-20,30,28,2073841,64.3,7.41
NVDL,mstr_rsi,55,above,20,-15,20,32,2070606,68.8,6.48
PTIR,mstr_rsi,60,above,30,-20,45,12,2068977,75.0,17.26
IREN,btc_rsi,35,below,25,-15,20,26,2055370,61.5,7.91
CONL,btc_rsi,50,above,15,-20,30,62,2054575,53.2,3.32
PTIR,btc_rsi,50,above,25,-20,30,23,2047264,56.5,8.91
PTIR,mstr_pct_ma20,5,above,30,-20,45,13,2037702,69.2,15.69
IREN,btc_mstr_combo,60,above,15,-20,30,33,2035431,66.7,6.17
CONL,btc_pct_ma20,5,above,15,-15,20,39,2032363,59.0,5.22
PTIR,btc_ret3,5,above,20,-20,30,13,2027580,76.9,15.61
IREN,mstr_rsi,35,below,20,-15,20,31,2023849,54.8,6.54
CONL,btc_pct_ma20,0,above,12,-10,20,82,2023132,52.4,2.47
IREN,btc_ret3,3,above,25,-15,20,40,2020812,52.5,5.06
NVDL,btc_ret3,3,above,20,-20,30,34,2011434,64.7,5.92
NVDL,btc_ret3,3,above,25,-15,20,35,2009667,54.3,5.75
IREN,mstr_pct_ma20,5,above,12,-10,20,48,2007334,54.2,4.19
NVDL,btc_ret3,3,above,15,-15,20,39,2004145,59.0,5.14
PTIR,btc_pct_ma20,-5,above,20,-20,30,33,1998308,54.5,6.06
NVDL,mstr_rsi,55,above,25,-15,20,31,1991575,67.7,6.43
CONL,btc_rsi,40,above,20,-20,30,69,1991385,44.9,2.89
NVDL,mstr_rsi,55,above,30,-20,45,21,1989092,61.9,9.48
PTIR,btc_ret3,3,above,20,-20,30,20,1987903,65.0,9.95
NVDL,btc_momentum3,0,above,25,-20,30,38,1987646,50.0,5.24
IREN,btc_mstr_combo,60,above,15,-15,20,35,1987541,62.9,5.68
NVDL,mstr_rsi,55,above,15,-15,20,38,1986526,71.1,5.23
NVDL,btc_rsi,60,above,15,-20,30,33,1984547,75.8,6.02
NVDL,btc_pct_ma20,-5,above,15,-15,20,69,1984044,58.0,2.88
CONL,btc_momentum3,0,above,25,-15,20,72,1982953,47.2,2.76
NVDL,mstr_rsi,55,above,20,-20,30,27,1979809,70.4,7.34
IREN,btc_mstr_combo,60,above,12,-10,20,46,1978356,56.5,4.31
PTIR,mstr_rsi,60,above,25,-20,30,13,1974106,76.9,15.2
IREN,mstr_rsi,35,below,25,-15,20,29,1969772,51.7,6.8
CONL,btc_momentum3,0,above,25,-20,30,63,1968609,46.0,3.13
IREN,mstr_rsi,35,below,15,-15,20,34,1961230,58.8,5.77
PTIR,btc_rsi,50,above,20,-15,20,30,1955192,60.0,6.52
NVDL,btc_rsi,40,above,25,-20,30,42,1946051,54.8,4.64
IREN,mstr_rsi,35,below,20,-20,30,30,1916442,56.7,6.39
CONL,btc_pct_ma20,5,above,15,-20,30,36,1913466,61.1,5.32
NVDL,btc_rsi,60,above,15,-15,20,38,1886563,65.8,4.97
CONL,btc_ret3,3,above,25,-20,30,40,1879306,47.5,4.7
IREN,btc_ret3,5,above,12,-10,20,35,1873364,62.9,5.36
CONL,btc_pct_ma20,-5,above,25,-15,20,83,1861693,42.2,2.25
NVDL,btc_ret3,3,above,20,-15,20,37,1859532,56.8,5.03
IREN,btc_ret3,5,above,15,-20,30,29,1858514,65.5,6.42
CONL,btc_mstr_combo,55,above,12,-10,20,67,1854288,53.7,2.77
ROBN,mstr_rsi,35,below,12,-10,20,25,1853155,64.0,7.42
PTIR,btc_mstr_combo,60,above,25,-15,20,14,1852924,71.4,13.25
CONL,btc_pct_ma20,5,above,25,-20,30,28,1850967,50.0,6.62
ROBN,mstr_pct_ma20,0,above,30,-20,45,15,1849733,60.0,12.34
PTIR,btc_pct_ma20,5,above,25,-20,30,12,1848417,75.0,15.42
PTIR,btc_ret3,3,above,30,-20,45,16,1845211,62.5,11.54
CONL,btc_rsi,40,above,25,-20,30,63,1845145,38.1,2.93
PTIR,btc_ret3,5,above,25,-20,30,12,1836994,75.0,15.32
NVDL,btc_mstr_combo,60,above,25,-20,30,22,1825419,68.2,8.31
PTIR,btc_pct_ma20,5,above,20,-15,20,14,1823374,64.3,13.04
NVDL,btc_pct_ma20,5,above,30,-20,45,17,1820467,52.9,10.72
NVDL,mstr_rsi,55,above,12,-10,20,44,1819456,63.6,4.14
CONL,btc_ret3,3,above,20,-15,20,52,1818674,50.0,3.5
PTIR,btc_ret3,3,above,15,-20,30,22,1817369,72.7,8.27
PTIR,mstr_rsi,60,above,25,-15,20,15,1811803,73.3,12.09
NVDL,mstr_rsi,55,above,15,-20,30,33,1807755,72.7,5.48
IREN,mstr_pct_ma20,5,above,20,-20,30,30,1806283,60.0,6.03
IREN,btc_rsi,35,below,20,-15,20,28,1797657,64.3,6.43
IREN,mstr_rsi,60,above,30,-20,45,21,1794343,57.1,8.55
IREN,mstr_pct_ma20,5,above,30,-20,45,22,1785943,59.1,8.13
NVDL,btc_mstr_combo,60,above,15,-15,20,29,1780554,69.0,6.15
PTIR,btc_rsi,50,above,20,-20,30,25,1780123,56.0,7.13
CONL,btc_momentum3,0,above,30,-20,45,58,1778790,44.8,3.07
CONL,btc_ret3,3,above,25,-15,20,46,1778609,45.7,3.87
NVDL,btc_pct_ma20,5,above,25,-20,30,21,1758886,61.9,8.38
ROBN,mstr_pct_ma20,0,above,25,-20,30,15,1750924,66.7,11.68
NVDL,btc_mstr_combo,60,above,15,-20,30,26,1746427,73.1,6.72
NVDL,btc_pct_ma20,-5,above,20,-15,20,60,1744347,51.7,2.91
IREN,btc_pct_ma20,5,above,20,-15,20,29,1739064,58.6,6.0
ROBN,mstr_pct_ma20,0,above,15,-20,30,17,1729300,76.5,10.18
CONL,btc_pct_ma20,5,above,20,-15,20,35,1719206,51.4,4.92
CONL,btc_rsi,60,above,20,-20,30,37,1717186,54.1,4.65
NVDL,btc_momentum3,0,above,15,-15,20,56,1699776,55.4,3.04
CONL,btc_rsi,50,above,20,-15,20,58,1695541,44.8,2.93
IREN,btc_rsi,30,below,25,-15,20,22,1690716,59.1,7.69
IREN,btc_ret3,3,above,20,-15,20,40,1687639,52.5,4.22
CONL,btc_ret3,3,above,15,-20,30,47,1679652,57.4,3.58
IREN,btc_pct_ma20,5,above,15,-15,20,33,1675795,60.6,5.08
IREN,mstr_rsi,35,below,15,-20,30,32,1673236,59.4,5.23
CONL,btc_pct_ma20,-5,above,20,-20,30,72,1672215,50.0,2.32
CONL,btc_ret3,5,above,20,-20,30,33,1671606,60.6,5.07
PTIR,btc_rsi,50,above,25,-15,20,27,1667318,59.3,6.18
NVDL,btc_pct_ma20,0,above,20,-20,30,38,1662913,57.9,4.38
IREN,mstr_pct_ma20,5,above,20,-15,20,33,1657100,54.5,5.03
ROBN,mstr_pct_ma20,0,above,15,-15,20,19,1656105,68.4,8.73
PTIR,btc_rsi,35,below,30,-20,45,20,1651387,50.0,8.27
IREN,btc_rsi,35,below,25,-20,30,21,1640532,61.9,7.82
CONL,mstr_rsi,35,below,12,-10,20,43,1638128,53.5,3.81
CONL,btc_ret3,5,above,25,-15,20,33,1635592,51.5,4.96
PTIR,btc_pct_ma20,5,above,15,-15,20,18,1633927,66.7,9.09
NVDL,btc_pct_ma20,0,above,30,-20,45,27,1633227,55.6,6.06
ROBN,mstr_rsi,35,below,30,-20,45,17,1632750,58.8,9.61
NVDL,btc_rsi,60,above,25,-20,30,26,1618576,65.4,6.23
IREN,btc_pct_ma20,5,above,12,-10,20,39,1617109,53.8,4.15
PTIR,btc_pct_ma20,5,above,12,-10,20,20,1614944,65.0,8.08
NVDL,btc_pct_ma20,0,above,15,-15,20,48,1614578,58.3,3.37
ROBN,mstr_rsi,35,below,25,-15,20,17,1613005,58.8,9.5
NVDL,btc_mstr_combo,55,above,30,-20,45,24,1612698,54.2,6.73
PTIR,btc_ret3,5,above,30,-20,45,11,1611542,63.6,14.67
NVDL,btc_mstr_combo,60,above,25,-15,20,24,1610645,58.3,6.72
NVDL,btc_momentum3,0,above,20,-15,20,51,1607037,52.9,3.15
CONL,btc_ret3,5,above,25,-20,30,30,1597549,53.3,5.33
NVDL,btc_mstr_combo,55,above,25,-20,30,28,1592426,57.1,5.69
NVDL,btc_pct_ma20,-5,above,12,-10,20,77,1592342,53.2,2.07
CONL,btc_rsi,40,above,12,-10,20,112,1591248,47.3,1.42
CONL,mstr_rsi,35,below,25,-20,30,37,1582792,51.4,4.28
CONL,btc_pct_ma20,-5,above,20,-15,20,85,1580375,45.9,1.86
CONL,btc_pct_ma20,-5,above,25,-20,30,69,1578172,43.5,2.29
CONL,mstr_rsi,35,below,20,-20,30,38,1575135,52.6,4.15
CONL,mstr_rsi,35,below,30,-20,45,35,1574558,48.6,4.5
ROBN,mstr_rsi,55,above,30,-20,45,12,1572727,58.3,13.12
ROBN,mstr_rsi,35,below,20,-15,20,18,1566455,61.1,8.71
IREN,mstr_rsi,60,above,12,-10,20,42,1563707,52.4,3.73
NVDL,btc_momentum3,0,above,12,-10,20,65,1559451,52.3,2.4
ROBN,btc_ret3,5,above,15,-15,20,10,1557487,80.0,15.59
NVDL,btc_rsi,60,above,20,-20,30,27,1554560,66.7,5.76
NVDL,btc_pct_ma20,0,above,15,-20,30,39,1546034,66.7,3.97
PTIR,btc_pct_ma20,5,above,30,-20,45,11,1541234,63.6,14.03
NVDL,btc_ret3,3,above,12,-10,20,44,1538735,56.8,3.5
MSTU,mstr_rsi,60,above,12,-10,20,23,1537924,60.9,6.69
CONL,btc_rsi,50,above,20,-20,30,50,1536319,48.0,3.08
NVDL,mstr_pct_ma20,5,above,30,-20,45,21,1528932,52.4,7.29
NVDL,btc_rsi,60,above,30,-20,45,22,1525410,50.0,6.94
IREN,mstr_rsi,60,above,25,-20,30,24,1517426,58.3,6.33
IREN,btc_rsi,30,below,20,-15,20,22,1511071,59.1,6.88
ROBN,btc_pct_ma20,0,above,30,-20,45,12,1504423,58.3,12.55
CONL,btc_momentum3,0,above,20,-20,30,68,1488696,50.0,2.19
ROBN,btc_ret3,5,above,15,-20,30,10,1485941,80.0,14.87
ROBN,mstr_rsi,55,above,15,-15,20,15,1484634,66.7,9.91
IREN,btc_rsi,35,below,20,-20,30,24,1483591,62.5,6.19
ROBN,mstr_rsi,55,above,20,-15,20,14,1479528,64.3,10.58
ROBN,btc_mstr_combo,55,above,25,-15,20,13,1477983,61.5,11.38
PTIR,btc_rsi,50,above,15,-15,20,35,1476495,60.0,4.22
CONL,mstr_rsi,60,above,12,-10,20,51,1476091,54.9,2.9
NVDL,btc_rsi,60,above,25,-15,20,30,1455889,56.7,4.86
NVDL,mstr_pct_ma20,5,above,20,-20,30,25,1455562,56.0,5.83
PTIR,btc_ret3,5,above,12,-10,20,19,1452371,73.7,7.65
CONL,btc_ret3,5,above,30,-20,45,29,1452174,48.3,5.01
ROBN,btc_rsi,40,above,15,-15,20,26,1449772,57.7,5.58
IREN,btc_ret3,5,above,15,-15,20,31,1445593,61.3,4.67
NVDL,btc_pct_ma20,5,above,15,-20,30,27,1439784,70.4,5.34
ROBN,mstr_rsi,35,below,25,-20,30,17,1434156,58.8,8.44
NVDL,btc_ret3,5,above,25,-20,30,23,1427141,65.2,6.21
ROBN,btc_rsi,50,above,25,-20,30,15,1421885,66.7,9.49
ROBN,btc_pct_ma20,5,above,30,-20,45,7,1420689,71.4,20.32
PTIR,btc_ret3,5,above,20,-15,20,13,1409096,69.2,10.85
PTIR,btc_ret3,5,above,25,-15,20,13,1403888,69.2,10.81
PTIR,btc_ret3,5,above,15,-15,20,17,1398299,70.6,8.23
NVDL,btc_momentum3,0,above,25,-15,20,46,1394888,50.0,3.04
NVDL,btc_mstr_combo,60,above,12,-10,20,38,1393498,63.2,3.67
NVDL,btc_rsi,40,above,12,-10,20,71,1393094,54.9,1.96
ROBN,mstr_pct_ma20,0,above,25,-15,20,17,1387293,58.8,8.17
IREN,btc_rsi,30,below,25,-20,30,18,1382506,55.6,7.69
ROBN,btc_ret3,5,above,20,-20,30,10,1381492,80.0,13.83
AMDL,mstr_rsi,55,above,12,-10,20,34,1373322,55.9,4.04
PTIR,btc_ret3,3,above,25,-15,20,22,1371265,63.6,6.24
IREN,btc_pct_ma20,5,above,15,-20,30,31,1368650,64.5,4.42
NVDL,btc_mstr_combo,55,above,15,-15,20,44,1359101,59.1,3.09
ROBN,mstr_rsi,60,above,20,-15,20,9,1354016,77.8,15.06
ROBN,btc_pct_ma20,0,above,25,-20,30,14,1345949,64.3,9.62
CONL,mstr_rsi,35,below,20,-15,20,38,1344620,50.0,3.54
ROBN,btc_ret3,5,above,25,-20,30,9,1334085,77.8,14.84
IREN,mstr_rsi,60,above,20,-20,30,24,1330070,62.5,5.55
ROBN,mstr_pct_ma20,0,above,20,-20,30,16,1329122,68.8,8.32
NVDL,btc_pct_ma20,0,above,25,-20,30,34,1326279,55.9,3.9
ROBN,mstr_rsi,60,above,25,-15,20,8,1322645,75.0,16.55
CONL,btc_momentum3,0,above,20,-15,20,76,1316560,48.7,1.73
PTIR,btc_ret3,3,above,20,-15,20,23,1303882,65.2,5.67
NVDL,btc_rsi,60,above,20,-15,20,31,1301832,58.1,4.2
NVDL,mstr_pct_ma20,5,above,15,-20,30,32,1299472,68.8,4.06
NVDL,mstr_rsi,60,above,25,-20,30,21,1298505,52.4,6.19
ROBN,btc_ret3,5,above,12,-10,20,12,1296020,75.0,10.81
NVDL,btc_ret3,5,above,30,-20,45,19,1287837,52.6,6.78
NVDL,mstr_rsi,60,above,25,-15,20,25,1283064,60.0,5.14
AMDL,mstr_rsi,35,below,30,-20,45,19,1278228,52.6,6.73
CONL,mstr_rsi,35,below,25,-15,20,37,1278227,48.6,3.46
NVDL,btc_mstr_combo,60,above,20,-15,20,24,1276327,58.3,5.32
MSTU,mstr_rsi,35,below,15,-20,30,27,1274317,59.3,4.72
IREN,mstr_pct_ma20,5,above,25,-20,30,24,1264954,54.2,5.28
PTIR,btc_pct_ma20,5,above,25,-15,20,12,1264172,58.3,10.55
NVDL,btc_mstr_combo,60,above,20,-20,30,22,1260975,68.2,5.74
IREN,btc_ret3,5,above,25,-20,30,23,1259249,52.2,5.48
NVDL,mstr_pct_ma20,5,above,15,-15,20,36,1258505,61.1,3.5
NVDL,mstr_rsi,60,above,30,-20,45,18,1251381,50.0,6.96
CONL,btc_pct_ma20,5,above,12,-10,20,45,1250217,53.3,2.78
IREN,btc_rsi,30,below,30,-20,45,18,1248730,50.0,6.94
IREN,btc_rsi,35,below,15,-15,20,29,1244799,65.5,4.3
ROBN,btc_ret3,5,above,20,-15,20,10,1241682,70.0,12.43
NVDL,mstr_pct_ma20,5,above,25,-20,30,25,1234009,56.0,4.94
NVDL,btc_ret3,5,above,25,-15,20,28,1228621,53.6,4.39
NVDL,btc_mstr_combo,55,above,15,-20,30,37,1225312,64.9,3.31
MSTU,mstr_rsi,60,above,15,-15,20,19,1222547,57.9,6.44
ROBN,mstr_rsi,35,below,20,-20,30,17,1222516,58.8,7.2
ROBN,btc_pct_ma20,0,above,12,-10,20,28,1213515,57.1,4.34
NVDL,btc_ret3,5,above,20,-20,30,24,1193792,66.7,4.98
MSTU,mstr_rsi,35,below,20,-20,30,27,1191738,51.9,4.42
IREN,mstr_rsi,60,above,25,-15,20,26,1189121,50.0,4.58
IREN,mstr_rsi,60,above,15,-20,30,30,1184396,63.3,3.95
ROBN,btc_momentum3,0,above,25,-15,20,27,1180754,44.4,4.38
NVDL,btc_mstr_combo,55,above,20,-20,30,30,1174578,60.0,3.92
NVDL,btc_rsi,35,below,15,-20,30,20,1172871,60.0,5.87
ROBN,btc_momentum3,0,above,25,-20,30,22,1170481,54.5,5.33
ROBN,btc_rsi,50,above,20,-20,30,16,1168936,75.0,7.31
NVDL,btc_rsi,35,below,12,-10,20,27,1167357,59.3,4.33
ROBN,mstr_rsi,35,below,15,-15,20,18,1166623,61.1,6.49
CONL,btc_ret3,3,above,20,-20,30,46,1164576,50.0,2.53
ROBN,mstr_rsi,55,above,15,-20,30,15,1160347,66.7,7.74
NVDL,btc_rsi,50,above,20,-20,30,39,1159622,56.4,2.98
AMDL,btc_rsi,60,above,30,-20,45,18,1153252,50.0,6.41
ROBN,btc_mstr_combo,55,above,20,-15,20,14,1152665,64.3,8.24
NVDL,mstr_pct_ma20,5,above,25,-15,20,29,1152013,55.2,3.98
PTIR,btc_ret3,3,above,12,-10,20,31,1151148,61.3,3.72
ROBN,btc_rsi,40,above,12,-10,20,36,1147831,52.8,3.19
ROBN,mstr_rsi,55,above,25,-15,20,13,1147242,61.5,8.83
CONL,btc_pct_ma20,-5,above,12,-10,20,120,1141509,49.2,0.95
IREN,btc_ret3,5,above,20,-20,30,26,1138023,53.8,4.38
NVDL,btc_ret3,5,above,15,-15,20,29,1123028,58.6,3.88
ROBN,btc_pct_ma20,0,above,15,-20,30,19,1120998,68.4,5.91
ROBN,mstr_rsi,60,above,20,-20,30,9,1119350,77.8,12.45
NVDL,btc_pct_ma20,0,above,12,-10,20,53,1109339,52.8,2.1
ROBN,btc_rsi,50,above,30,-20,45,13,1108834,53.8,8.54
NVDL,btc_rsi,50,above,15,-15,20,50,1105072,58.0,2.21
ROBN,mstr_rsi,55,above,20,-20,30,14,1104117,57.1,7.89
NVDL,btc_pct_ma20,0,above,25,-15,20,41,1102517,48.8,2.69
AMDL,mstr_rsi,55,above,25,-15,20,24,1101949,45.8,4.6
AMDL,btc_pct_ma20,-5,above,12,-10,20,64,1098215,51.6,1.72
MSTU,mstr_rsi,55,above,12,-10,20,32,1097808,53.1,3.43
NVDL,mstr_rsi,35,below,15,-20,30,23,1096756,56.5,4.77
CONL,btc_rsi,50,above,12,-10,20,83,1096003,49.4,1.32
ROBN,btc_momentum3,0,above,30,-20,45,20,1094902,45.0,5.48
IREN,btc_rsi,30,below,15,-15,20,23,1093003,60.9,4.76
ROBN,btc_rsi,40,above,25,-15,20,24,1089965,58.3,4.55
IREN,btc_ret3,5,above,25,-15,20,27,1089068,51.9,4.04
NVDL,mstr_rsi,35,below,12,-10,20,27,1086115,59.3,4.03
NVDL,mstr_rsi,60,above,15,-15,20,32,1084378,59.4,3.39
NVDL,btc_pct_ma20,0,above,20,-15,20,43,1079575,48.8,2.51
AMDL,btc_mstr_combo,60,above,12,-10,20,26,1077352,53.8,4.15
CONL,btc_pct_ma20,5,above,20,-20,30,30,1072841,53.3,3.58
IREN,btc_rsi,35,below,15,-20,30,26,1065921,65.4,4.1
AMDL,btc_rsi,60,above,25,-20,30,20,1061940,50.0,5.32
CONL,btc_ret3,5,above,12,-10,20,41,1060075,58.5,2.59
PTIR,btc_ret3,3,above,15,-15,20,27,1058826,63.0,3.93
ROBN,btc_rsi,40,above,20,-20,30,21,1057293,61.9,5.04
NVDL,mstr_rsi,35,below,25,-15,20,21,1051598,57.1,5.01
ROBN,mstr_rsi,60,above,15,-15,20,9,1050682,66.7,11.69
ROBN,btc_momentum3,0,above,15,-15,20,29,1047116,48.3,3.61
NVDL,mstr_pct_ma20,0,above,15,-15,20,41,1043530,58.5,2.55
ROBN,btc_rsi,40,above,20,-15,20,24,1040358,54.2,4.34
ROBN,btc_mstr_combo,55,above,15,-15,20,14,1037600,64.3,7.42
AMDL,btc_rsi,30,below,25,-20,30,17,1033883,52.9,6.09
NVDL,mstr_rsi,60,above,20,-15,20,26,1031430,57.7,3.97
MSTU,mstr_rsi,35,below,25,-20,30,27,1029831,48.1,3.82
ROBN,btc_ret3,3,above,30,-20,45,16,1029018,50.0,6.44
ROBN,btc_ret3,5,above,25,-15,20,9,1027252,66.7,11.43
ROBN,btc_rsi,40,above,25,-20,30,20,1023150,60.0,5.12
CONL,btc_ret3,3,above,12,-10,20,68,1017912,51.5,1.5
MSTU,mstr_rsi,60,above,20,-15,20,18,1013071,50.0,5.63
NVDL,mstr_rsi,60,above,15,-20,30,28,1009851,64.3,3.61
IREN,mstr_pct_ma20,5,above,15,-20,30,33,1009718,60.6,3.06
NVDL,mstr_pct_ma20,0,above,12,-10,20,47,1006571,57.4,2.14
AMDL,mstr_rsi,55,above,20,-15,20,26,1005605,50.0,3.87
ROBN,btc_rsi,50,above,12,-10,20,26,1003947,57.7,3.87
ROBN,btc_mstr_combo,60,above,30,-20,45,9,996820,55.6,11.09
ROBN,btc_pct_ma20,5,above,25,-20,30,7,994465,71.4,14.22
NVDL,btc_pct_ma20,5,above,15,-15,20,28,994172,57.1,3.55
IREN,mstr_pct_ma20,5,above,25,-15,20,28,991538,50.0,3.54
NVDL,btc_pct_ma20,5,above,20,-20,30,23,990889,56.5,4.31
NVDL,btc_mstr_combo,55,above,12,-10,20,47,985232,55.3,2.1
ROBN,mstr_rsi,35,below,15,-20,30,18,984866,61.1,5.48
NVDL,mstr_pct_ma20,0,above,30,-20,45,23,983322,47.8,4.28
ROBN,mstr_pct_ma20,0,above,20,-15,20,17,978259,58.8,5.76
ROBN,mstr_rsi,60,above,15,-20,30,9,978062,77.8,10.88
AMDL,btc_ret3,5,above,15,-20,30,19,975058,57.9,5.14
ROBN,mstr_pct_ma20,0,above,12,-10,20,22,973351,54.5,4.43
NVDL,mstr_pct_ma20,0,above,25,-15,20,36,972748,52.8,2.7
IREN,btc_rsi,30,below,20,-20,30,18,970117,55.6,5.39
ROBN,btc_mstr_combo,55,above,25,-20,30,13,969381,53.8,7.46
AMDL,btc_mstr_combo,60,above,30,-20,45,16,962533,43.8,6.02
NVDL,btc_mstr_combo,55,above,25,-15,20,33,958703,45.5,2.91
AMDL,btc_ret3,5,above,25,-20,30,18,958171,50.0,5.33
NVDL,mstr_pct_ma20,0,above,20,-15,20,36,957158,55.6,2.66
ROBN,btc_mstr_combo,60,above,25,-15,20,10,949590,60.0,9.51
ROBN,mstr_rsi,55,above,12,-10,20,17,942818,52.9,5.55
AMDL,btc_mstr_combo,55,above,25,-15,20,28,939405,42.9,3.36
ROBN,btc_pct_ma20,0,above,20,-20,30,17,934732,64.7,5.5
ROBN,btc_rsi,60,above,30,-20,45,9,933686,55.6,10.38
ROBN,btc_rsi,40,above,15,-20,30,24,922671,62.5,3.85
NVDL,mstr_rsi,60,above,20,-20,30,23,920810,56.5,4.01
ROBN,btc_mstr_combo,60,above,25,-20,30,9,917090,55.6,10.2
AMDL,btc_ret3,5,above,12,-10,20,25,916779,52.0,3.67
ROBN,btc_mstr_combo,60,above,12,-10,20,14,916624,57.1,6.55
AMDL,btc_momentum3,0,above,12,-10,20,54,916033,46.3,1.7
ROBN,btc_rsi,35,below,25,-15,20,18,915820,50.0,5.09
AMDL,mstr_rsi,55,above,15,-15,20,29,911653,51.7,3.15
ROBN,mstr_rsi,60,above,25,-20,30,8,911554,75.0,11.41
ROBN,btc_pct_ma20,0,above,15,-15,20,20,910786,55.0,4.56
NVDL,btc_rsi,30,below,12,-10,20,21,909238,57.1,4.33
NVDL,btc_ret3,5,above,15,-20,30,26,904341,69.2,3.48
AMDL,btc_mstr_combo,60,above,25,-15,20,20,901116,45.0,4.51
NVDL,btc_pct_ma20,5,above,12,-10,20,31,897639,58.1,2.9
AMDL,mstr_rsi,35,below,25,-20,30,21,896804,52.4,4.27
ROBN,mstr_rsi,55,above,25,-20,30,13,894972,61.5,6.89
AMDL,btc_ret3,5,above,20,-20,30,19,893750,52.6,4.71
AMDL,btc_momentum3,0,above,15,-15,20,47,892128,46.8,1.9
IREN,mstr_pct_ma20,5,above,15,-15,20,37,892015,54.1,2.41
NVDL,btc_pct_ma20,5,above,25,-15,20,25,886798,44.0,3.55
ROBN,mstr_rsi,60,above,12,-10,20,9,885952,66.7,9.85
ROBN,btc_momentum3,0,above,15,-20,30,26,880458,53.8,3.39
ROBN,btc_mstr_combo,60,above,15,-20,30,10,878017,70.0,8.79
NVDL,btc_rsi,50,above,15,-20,30,44,877555,61.4,2.0
NVDL,mstr_pct_ma20,5,above,12,-10,20,40,876822,57.5,2.19
IREN,mstr_rsi,35,below,12,-10,20,39,868553,48.7,2.23
PTIR,mstr_rsi,35,below,15,-15,20,25,868353,60.0,3.48
AMDL,btc_ret3,5,above,30,-20,45,17,863046,47.1,5.08
ROBN,btc_pct_ma20,5,above,15,-20,30,8,862305,75.0,10.79
ROBN,btc_pct_ma20,5,above,20,-20,30,8,862305,75.0,10.79
AMDL,btc_rsi,60,above,20,-20,30,22,861763,54.5,3.92
AMDL,btc_rsi,30,below,25,-15,20,19,853876,42.1,4.5
NVDL,mstr_rsi,35,below,25,-20,30,19,849687,47.4,4.48
AMDL,btc_mstr_combo,60,above,20,-15,20,20,849547,50.0,4.25
MSTU,btc_pct_ma20,0,above,12,-10,20,47,849289,48.9,1.81
AMDL,btc_ret3,3,above,25,-15,20,34,841949,44.1,2.48
AMDL,btc_mstr_combo,55,above,30,-20,45,21,841079,42.9,4.01
ROBN,btc_mstr_combo,60,above,20,-20,30,10,838239,70.0,8.39
ROBN,mstr_rsi,60,above,30,-20,45,7,836011,57.1,11.95
NVDL,btc_mstr_combo,55,above,20,-15,20,36,834142,52.8,2.32
AMDL,mstr_rsi,55,above,20,-20,30,25,833482,48.0,3.34
NVDL,btc_rsi,35,below,15,-15,20,23,831313,60.9,3.62
AMDL,btc_ret3,3,above,30,-20,45,26,830410,42.3,3.2
NVDL,mstr_pct_ma20,5,above,20,-15,20,30,826695,50.0,2.76
ROBN,btc_rsi,30,below,25,-15,20,16,820317,50.0,5.13
NVDL,btc_ret3,5,above,20,-15,20,29,819504,55.2,2.83
AMDL,btc_mstr_combo,60,above,20,-20,30,18,813073,50.0,4.52
CONL,btc_rsi,60,above,12,-10,20,57,812084,49.1,1.43
ROBN,btc_ret3,3,above,20,-15,20,21,810960,47.6,3.87
ROBN,btc_ret3,3,above,15,-15,20,21,810960,47.6,3.87
IREN,btc_rsi,35,below,12,-10,20,33,807766,51.5,2.45
ROBN,btc_pct_ma20,0,above,25,-15,20,18,807385,50.0,4.49
NVDL,mstr_rsi,35,below,20,-20,30,20,805910,50.0,4.03
ROBN,mstr_pct_ma20,5,above,25,-20,30,10,804697,60.0,8.06
MSTU,mstr_rsi,55,above,15,-15,20,27,798202,51.9,2.96
ROBN,btc_ret3,3,above,25,-20,30,18,793564,50.0,4.41
ROBN,mstr_pct_ma20,5,above,30,-20,45,8,793530,62.5,9.93
PTIR,btc_rsi,30,below,15,-20,30,17,790048,52.9,4.65
NVDL,mstr_rsi,35,below,20,-15,20,23,788009,60.9,3.43
PTIR,btc_rsi,35,below,25,-20,30,21,787439,47.6,3.75
ROBN,btc_ret3,3,above,12,-10,20,26,779175,50.0,3.0
MSTU,mstr_rsi,35,below,30,-20,45,26,776600,46.2,2.99
ROBN,btc_rsi,35,below,20,-15,20,18,765608,50.0,4.26
IREN,mstr_rsi,60,above,20,-15,20,29,763802,51.7,2.64
ROBN,btc_rsi,35,below,12,-10,20,22,762736,59.1,3.47
AMDL,btc_momentum3,0,above,25,-15,20,44,761615,38.6,1.73
NVDL,mstr_pct_ma20,0,above,20,-20,30,29,760021,55.2,2.62
NVDL,btc_rsi,50,above,12,-10,20,56,759649,53.6,1.36
NVDL,mstr_rsi,35,below,15,-15,20,26,758063,57.7,2.92
ROBN,mstr_pct_ma20,5,above,15,-20,30,12,757116,66.7,6.32
MSTU,mstr_pct_ma20,5,above,12,-10,20,30,756976,50.0,2.53
ROBN,btc_momentum3,0,above,20,-20,30,24,756125,50.0,3.15
AMDL,btc_pct_ma20,0,above,20,-20,30,31,750865,48.4,2.42
AMDL,btc_pct_ma20,-5,above,25,-15,20,47,748508,40.4,1.59
PTIR,btc_rsi,35,below,25,-15,20,22,746263,50.0,3.4
ROBN,mstr_pct_ma20,5,above,12,-10,20,14,744048,57.1,5.32
ROBN,btc_mstr_combo,55,above,30,-20,45,11,743304,54.5,6.76
ROBN,btc_rsi,40,above,30,-20,45,18,743220,50.0,4.13
NVDL,btc_rsi,50,above,30,-20,45,28,742514,42.9,2.65
ROBN,btc_momentum3,0,above,20,-15,20,27,740754,44.4,2.75
PTIR,btc_rsi,30,below,30,-20,45,17,737324,41.2,4.34
PTIR,mstr_rsi,35,below,12,-10,20,26,737052,57.7,2.84
PTIR,btc_rsi,35,below,15,-15,20,25,735836,52.0,2.95
PTIR,btc_rsi,35,below,20,-20,30,23,735029,47.8,3.2
ROBN,btc_ret3,3,above,15,-20,30,19,730508,52.6,3.85
ROBN,btc_ret3,3,above,20,-20,30,19,730508,52.6,3.85
AMDL,btc_rsi,30,below,20,-20,30,18,728103,50.0,4.05
ROBN,btc_rsi,60,above,15,-20,30,12,725880,66.7,6.06
AMDL,btc_ret3,3,above,15,-15,20,34,712085,50.0,2.1
PTIR,btc_rsi,35,below,12,-10,20,26,711358,53.8,2.74
ROBN,mstr_pct_ma20,5,above,25,-15,20,11,707756,54.5,6.44
NVDL,mstr_pct_ma20,0,above,15,-20,30,35,707598,62.9,2.02
IREN,btc_rsi,30,below,12,-10,20,24,707233,54.2,2.95
NVDL,btc_ret3,5,above,12,-10,20,33,705576,51.5,2.14
AMDL,mstr_rsi,55,above,30,-20,45,19,704465,42.1,3.71
ROBN,mstr_pct_ma20,5,above,20,-20,30,10,703498,60.0,7.04
AMDL,btc_mstr_combo,55,above,20,-20,30,25,701713,48.0,2.81
AMDL,btc_pct_ma20,5,above,30,-20,45,17,699390,47.1,4.12
ROBN,btc_mstr_combo,60,above,15,-15,20,11,697347,54.5,6.35
PTIR,mstr_rsi,35,below,30,-20,45,18,696994,66.7,3.88
ROBN,btc_pct_ma20,5,above,15,-15,20,8,685014,62.5,8.57
ROBN,btc_pct_ma20,5,above,20,-15,20,8,685014,62.5,8.57
ROBN,btc_ret3,5,above,30,-20,45,9,684642,55.6,7.61
NVDL,mstr_rsi,35,below,30,-20,45,17,682144,52.9,4.02
IREN,btc_ret3,5,above,20,-15,20,27,680733,51.9,2.52
AMDL,btc_mstr_combo,60,above,15,-20,30,19,679203,52.6,3.58
ROBN,btc_rsi,60,above,20,-15,20,12,679076,58.3,5.66
ROBN,btc_rsi,60,above,25,-15,20,11,678583,54.5,6.18
ROBN,btc_rsi,50,above,25,-15,20,19,676125,47.4,3.56
ROBN,btc_rsi,30,below,20,-15,20,16,672863,50.0,4.21
ROBN,btc_momentum3,0,above,12,-10,20,39,668044,46.2,1.71
ROBN,btc_pct_ma20,-5,above,15,-15,20,28,662989,53.6,2.37
ROBN,btc_rsi,60,above,15,-15,20,12,661783,58.3,5.52
NVDL,mstr_rsi,60,above,12,-10,20,38,656646,55.3,1.73
AMDL,btc_ret3,5,above,15,-15,20,21,654569,47.6,3.12
PTIR,btc_rsi,35,below,15,-20,30,24,650020,50.0,2.71
PTIR,btc_rsi,30,below,15,-15,20,18,649405,50.0,3.61
AMDL,mstr_rsi,55,above,15,-20,30,29,647154,51.7,2.23
ROBN,btc_pct_ma20,-5,above,30,-20,45,21,647134,47.6,3.08
ROBN,btc_ret3,3,above,25,-15,20,20,645111,45.0,3.23
AMDL,btc_pct_ma20,0,above,25,-20,30,28,644285,39.3,2.3
AMDL,btc_pct_ma20,-5,above,25,-20,30,38,632743,36.8,1.67
NVDL,btc_rsi,30,below,15,-20,30,15,629759,53.3,4.2
NVDL,btc_rsi,30,below,15,-15,20,19,624479,57.9,3.29
ROBN,mstr_pct_ma20,5,above,15,-15,20,13,623660,53.8,4.8
IREN,mstr_rsi,60,above,15,-15,20,34,622701,52.9,1.83
AMDL,btc_mstr_combo,55,above,12,-10,20,36,620644,47.2,1.73
AMDL,btc_rsi,60,above,12,-10,20,30,619250,50.0,2.07
NVDL,btc_rsi,50,above,25,-20,30,35,615730,51.4,1.76
IREN,btc_rsi,30,below,15,-20,30,19,614745,57.9,3.24
ROBN,mstr_pct_ma20,5,above,20,-15,20,11,606557,54.5,5.52
AMDL,mstr_pct_ma20,0,above,12,-10,20,38,604867,47.4,1.59
ROBN,btc_mstr_combo,55,above,12,-10,20,16,603655,50.0,3.78
NVDL,mstr_pct_ma20,0,above,25,-20,30,28,601774,57.1,2.15
PTIR,btc_rsi,35,below,20,-15,20,24,599981,50.0,2.5
PTIR,mstr_rsi,35,below,20,-15,20,22,595699,50.0,2.71
NVDL,btc_rsi,60,above,12,-10,20,40,594257,52.5,1.49
AMDL,btc_rsi,30,below,30,-20,45,16,593326,50.0,3.71
AMDL,btc_momentum3,0,above,20,-15,20,45,593270,42.2,1.32
AMDL,btc_ret3,3,above,20,-15,20,34,593029,44.1,1.75
ROBN,btc_rsi,60,above,25,-20,30,10,592090,60.0,5.93
AMDL,btc_rsi,60,above,15,-20,30,22,588056,54.5,2.68
ROBN,btc_pct_ma20,0,above,20,-15,20,17,587036,47.1,3.46
MSTU,btc_mstr_combo,60,above,12,-10,20,28,585191,50.0,2.09
ROBN,btc_rsi,30,below,12,-10,20,17,583665,52.9,3.44
MSTU,mstr_rsi,60,above,15,-20,30,18,583347,55.6,3.24
NVDL,btc_rsi,50,above,25,-15,20,41,581825,46.3,1.42
MSTU,mstr_rsi,60,above,25,-15,20,16,581512,43.8,3.64
ROBN,btc_mstr_combo,55,above,15,-20,30,14,580123,64.3,4.15
AMDL,btc_mstr_combo,60,above,25,-20,30,18,578695,38.9,3.22
ROBN,btc_mstr_combo,60,above,20,-15,20,11,576043,54.5,5.24
AMDL,btc_rsi,35,below,25,-15,20,22,573173,45.5,2.61
AMDL,mstr_pct_ma20,5,above,12,-10,20,29,570520,51.7,1.97
CONL,btc_rsi,30,below,15,-20,30,27,570517,40.7,2.12
AMDL,btc_rsi,60,above,20,-15,20,27,569107,48.1,2.11
AMDL,btc_pct_ma20,5,above,20,-20,30,20,568760,50.0,2.85
ROBN,btc_rsi,50,above,15,-20,30,18,564135,66.7,3.14
MSTU,mstr_pct_ma20,0,above,12,-10,20,38,561987,47.4,1.48
AMDL,btc_pct_ma20,-5,above,20,-20,30,40,559334,47.5,1.4
ROBN,btc_pct_ma20,5,above,12,-10,20,9,558411,55.6,6.21
MSTU,btc_ret3,5,above,12,-10,20,20,551191,45.0,2.76
AMDL,btc_rsi,30,below,20,-15,20,20,548096,40.0,2.74
ROBN,btc_rsi,35,below,30,-20,45,17,543906,41.2,3.2
AMDL,btc_rsi,30,below,15,-20,30,18,540893,55.6,3.01
MSTU,btc_ret3,5,above,15,-20,30,18,540463,55.6,3.01
ROBN,btc_rsi,35,below,20,-20,30,18,533352,44.4,2.97
ROBN,btc_pct_ma20,5,above,25,-15,20,7,524620,57.1,7.5
AMDL,btc_pct_ma20,0,above,30,-20,45,23,522358,43.5,2.27
ROBN,btc_mstr_combo,55,above,20,-20,30,14,518532,57.1,3.71
AMDL,btc_mstr_combo,55,above,15,-20,30,25,512654,48.0,2.05
AMDL,btc_rsi,35,below,25,-20,30,19,509126,42.1,2.68
AMDL,btc_pct_ma20,0,above,15,-20,30,34,507638,50.0,1.49
AMDL,btc_ret3,5,above,20,-15,20,21,506890,42.9,2.42
ROBN,btc_rsi,60,above,20,-20,30,11,498153,54.5,4.53
PTIR,btc_rsi,30,below,12,-10,20,18,496573,55.6,2.76
AMDL,mstr_pct_ma20,0,above,20,-15,20,30,480113,43.3,1.6
CONL,btc_rsi,30,below,15,-15,20,28,480106,42.9,1.72
ROBN,btc_rsi,30,below,15,-15,20,16,475611,50.0,2.98
AMDL,mstr_rsi,35,below,20,-20,30,23,467594,47.8,2.04
AMDL,btc_mstr_combo,60,above,15,-15,20,20,465870,45.0,2.33
AMDL,mstr_pct_ma20,5,above,30,-20,45,19,463213,47.4,2.44
PTIR,mstr_rsi,35,below,15,-20,30,21,461187,57.1,2.2
NVDL,btc_rsi,35,below,25,-20,30,19,453098,47.4,2.39
AMDL,btc_ret3,5,above,25,-15,20,20,450903,40.0,2.26
MSTU,mstr_rsi,60,above,30,-20,45,13,450335,38.5,3.47
NVDL,btc_rsi,35,below,20,-15,20,22,449370,59.1,2.04
NVDL,btc_rsi,30,below,20,-15,20,19,448623,57.9,2.36
AMDL,btc_mstr_combo,55,above,20,-15,20,29,448210,44.8,1.55
ROBN,btc_rsi,35,below,25,-20,30,17,444739,41.2,2.62
AMDL,btc_pct_ma20,-5,above,15,-20,30,40,439710,47.5,1.1
NVDL,btc_pct_ma20,5,above,20,-15,20,25,429200,44.0,1.72
AMDL,btc_ret3,3,above,12,-10,20,38,416166,47.4,1.1
ROBN,btc_rsi,60,above,12,-10,20,17,414647,47.1,2.44
PTIR,btc_rsi,30,below,25,-20,30,17,406948,41.2,2.4
MSTU,btc_rsi,60,above,12,-10,20,32,406618,46.9,1.27
PTIR,mstr_rsi,35,below,20,-20,30,19,404372,52.6,2.13
ROBN,btc_pct_ma20,-5,above,12,-10,20,43,402879,48.8,0.94
AMDL,btc_ret3,3,above,15,-20,30,30,401537,50.0,1.34
NVDL,btc_rsi,35,below,25,-15,20,21,397363,57.1,1.89
AMDL,btc_pct_ma20,-5,above,15,-15,20,54,393628,46.3,0.73
ROBN,btc_pct_ma20,-5,above,15,-20,30,27,393412,59.3,1.46
AMDL,btc_rsi,60,above,15,-15,20,27,389121,48.1,1.44
AMDL,mstr_pct_ma20,0,above,20,-20,30,27,388593,44.4,1.44
MSTU,btc_pct_ma20,0,above,20,-15,20,35,385765,45.7,1.1
MSTU,btc_rsi,50,above,12,-10,20,50,381086,48.0,0.76
CONL,btc_rsi,30,below,20,-20,30,26,380500,38.5,1.46
AMDL,mstr_rsi,55,above,25,-20,30,21,379526,38.1,1.81
AMDL,btc_pct_ma20,0,above,12,-10,20,46,377170,45.7,0.82
AMDL,btc_rsi,40,above,12,-10,20,60,374361,46.7,0.62
AMDL,btc_pct_ma20,5,above,15,-20,30,20,369557,50.0,1.85
ROBN,btc_pct_ma20,-5,above,25,-20,30,22,366635,54.5,1.67
MSTU,btc_pct_ma20,5,above,12,-10,20,22,363804,45.5,1.66
AMDL,mstr_rsi,35,below,15,-20,30,23,350208,52.2,1.52
CONL,btc_rsi,30,below,25,-15,20,28,340921,39.3,1.22
CONL,btc_rsi,30,below,20,-15,20,28,340921,39.3,1.22
MSTU,mstr_rsi,60,above,20,-20,30,17,339913,47.1,2.0
AMDL,btc_pct_ma20,5,above,12,-10,20,26,335960,50.0,1.29
PTIR,mstr_rsi,35,below,25,-15,20,22,330896,45.5,1.51
NVDL,btc_rsi,30,below,25,-15,20,18,325048,55.6,1.81
MSTU,btc_pct_ma20,-5,above,12,-10,20,67,323849,44.8,0.48
AMDL,btc_ret3,3,above,20,-20,30,29,318987,41.4,1.1
NVDL,btc_rsi,35,below,30,-20,45,17,314892,41.2,1.85
PTIR,btc_rsi,30,below,25,-15,20,18,313018,44.4,1.74
MSTU,mstr_pct_ma20,5,above,15,-15,20,24,311812,45.8,1.3
MSTU,btc_mstr_combo,60,above,20,-15,20,22,301977,45.5,1.37
AMDL,btc_mstr_combo,55,above,15,-15,20,30,300702,46.7,1.0
AMDL,btc_ret3,3,above,25,-20,30,28,299922,42.9,1.07
MSTU,mstr_rsi,60,above,25,-20,30,16,288772,43.8,1.81
CONL,btc_rsi,30,below,12,-10,20,28,288146,46.4,1.03
MSTU,mstr_rsi,55,above,20,-15,20,25,284577,44.0,1.14
AMDL,mstr_pct_ma20,5,above,20,-20,30,24,278208,45.8,1.16
AMDL,btc_rsi,35,below,20,-15,20,23,267941,43.5,1.17
AMDL,btc_rsi,60,above,25,-15,20,26,267157,42.3,1.03
AMDL,btc_momentum3,0,above,20,-20,30,38,266643,39.5,0.7
ROBN,btc_pct_ma20,-5,above,25,-15,20,25,262985,52.0,1.05
ROBN,btc_rsi,35,below,15,-15,20,19,260062,47.4,1.37
ROBN,btc_rsi,50,above,20,-15,20,19,256423,42.1,1.35
PTIR,btc_rsi,30,below,20,-20,30,17,250919,41.2,1.48
MSTU,btc_mstr_combo,60,above,15,-15,20,23,247764,47.8,1.08
ROBN,btc_rsi,30,below,15,-20,30,16,243355,43.8,1.52
CONL,btc_rsi,35,below,15,-20,30,34,234599,41.2,0.69
AMDL,mstr_pct_ma20,5,above,25,-20,30,23,231350,43.5,1.01
AMDL,mstr_rsi,35,below,25,-15,20,22,230686,45.5,1.05
NVDL,btc_rsi,35,below,20,-20,30,19,230470,47.4,1.21
AMDL,btc_pct_ma20,-5,above,30,-20,45,30,228133,40.0,0.76
AMDL,btc_mstr_combo,55,above,25,-20,30,22,225023,36.4,1.02
CONL,btc_rsi,35,below,15,-15,20,35,224346,42.9,0.64
ROBN,btc_rsi,30,below,25,-20,30,15,224235,33.3,1.5
MSTU,btc_rsi,40,above,12,-10,20,64,219561,45.3,0.34
ROBN,btc_rsi,30,below,30,-20,45,14,208131,35.7,1.49
MSTU,btc_mstr_combo,60,above,25,-15,20,21,203367,42.9,0.97
AMDL,mstr_pct_ma20,0,above,15,-15,20,31,199372,41.9,0.64
ROBN,btc_pct_ma20,-5,above,20,-20,30,22,185426,54.5,0.84
AMDL,mstr_rsi,35,below,20,-15,20,26,181734,38.5,0.7
AMDL,mstr_pct_ma20,5,above,20,-15,20,26,181254,42.3,0.7
MSTU,mstr_rsi,55,above,25,-15,20,24,166692,41.7,0.7
AMDL,btc_momentum3,0,above,30,-20,45,31,164443,35.5,0.53
AMDL,btc_rsi,50,above,20,-20,30,32,157001,46.9,0.49
AMDL,btc_momentum3,0,above,15,-20,30,40,149871,42.5,0.38
AMDL,btc_rsi,30,below,15,-15,20,20,147333,40.0,0.74
ROBN,btc_rsi,50,above,15,-15,20,22,144915,45.5,0.66
PTIR,btc_rsi,30,below,20,-15,20,18,138598,44.4,0.77
MSTU,btc_pct_ma20,0,above,20,-20,30,31,136390,48.4,0.44
AMDL,btc_pct_ma20,5,above,25,-20,30,19,134880,36.8,0.71
ROBN,btc_pct_ma20,-5,above,20,-15,20,25,132515,48.0,0.53
AMDL,mstr_rsi,35,below,12,-10,20,28,119192,46.4,0.43
AMDL,btc_rsi,40,above,30,-20,45,28,119099,39.3,0.43
AMDL,mstr_rsi,60,above,12,-10,20,24,110481,45.8,0.46
AMDL,mstr_pct_ma20,5,above,15,-15,20,26,88709,42.3,0.34
AMDL,mstr_pct_ma20,0,above,25,-20,30,25,80622,40.0,0.32
PTIR,mstr_rsi,35,below,25,-20,30,19,78272,63.2,0.41
MSTU,btc_pct_ma20,0,above,15,-15,20,38,77429,47.4,0.2
ROBN,btc_rsi,30,below,20,-20,30,15,76781,33.3,0.51
MSTU,btc_ret3,5,above,15,-15,20,19,71464,47.4,0.38
AMDL,btc_pct_ma20,-5,above,20,-15,20,51,66802,43.1,0.13
MSTU,mstr_pct_ma20,5,above,25,-15,20,20,60455,40.0,0.3
AMDL,btc_rsi,30,below,12,-10,20,22,54272,45.5,0.25
AMDL,mstr_pct_ma20,5,above,25,-15,20,26,52069,38.5,0.2
AMDL,btc_rsi,50,above,25,-20,30,29,50945,37.9,0.18
MSTU,mstr_pct_ma20,5,above,20,-15,20,22,48446,40.9,0.22
AMDL,mstr_pct_ma20,0,above,30,-20,45,22,47992,40.9,0.22
CONL,btc_rsi,30,below,30,-20,45,25,41987,36.0,0.17
AMDL,mstr_pct_ma20,0,above,15,-20,30,30,38237,43.3,0.13
MSTU,btc_mstr_combo,60,above,25,-20,30,20,37897,45.0,0.19
AMDL,btc_rsi,35,below,15,-15,20,26,31721,38.5,0.12
MSTU,btc_pct_ma20,5,above,15,-15,20,20,26405,45.0,0.13
MSTU,mstr_rsi,55,above,30,-20,45,17,20314,35.3,0.12
AMDL,btc_pct_ma20,0,above,15,-15,20,36,15625,44.4,0.04
NVDL,btc_rsi,50,above,20,-15,20,44,2967,45.5,0.01
NVDL,btc_rsi,30,below,25,-20,30,14,-9726,42.9,-0.07
AMDL,mstr_pct_ma20,5,above,15,-20,30,25,-11893,44.0,-0.05
AMDL,mstr_pct_ma20,0,above,25,-15,20,29,-18554,37.9,-0.06
NVDL,btc_rsi,30,below,30,-20,45,13,-26128,30.8,-0.2
ROBN,btc_rsi,35,below,15,-20,30,19,-34302,42.1,-0.18
CONL,btc_pct_ma20,-10,below,15,-20,30,12,-39170,50.0,-0.33
CONL,btc_pct_ma20,-10,below,12,-10,20,12,-39170,50.0,-0.33
CONL,btc_pct_ma20,-10,below,20,-20,30,12,-39170,50.0,-0.33
CONL,btc_pct_ma20,-10,below,25,-20,30,12,-39170,50.0,-0.33
CONL,btc_pct_ma20,-10,below,15,-15,20,12,-39170,50.0,-0.33
CONL,btc_pct_ma20,-10,below,30,-20,45,12,-39170,50.0,-0.33
CONL,btc_pct_ma20,-10,below,20,-15,20,12,-39170,50.0,-0.33
CONL,btc_pct_ma20,-10,below,25,-15,20,12,-39170,50.0,-0.33
AMDL,btc_pct_ma20,0,above,25,-15,20,32,-50458,37.5,-0.16
AMDL,btc_rsi,35,below,30,-20,45,17,-54126,41.2,-0.32
MSTU,mstr_rsi,35,below,12,-10,20,27,-56016,37.0,-0.21
MSTU,btc_mstr_combo,55,above,15,-15,20,29,-78772,44.8,-0.27
AMDL,btc_rsi,50,above,30,-20,45,24,-80686,37.5,-0.34
MSTU,btc_mstr_combo,60,above,15,-20,30,21,-81344,47.6,-0.39
AMDL,btc_rsi,50,above,15,-20,30,33,-81420,45.5,-0.25
AMDL,mstr_rsi,35,below,15,-15,20,26,-87470,38.5,-0.34
CONL,btc_rsi,30,below,25,-20,30,25,-92004,32.0,-0.37
MSTU,btc_mstr_combo,55,above,12,-10,20,34,-92265,47.1,-0.27
MSTU,btc_mstr_combo,55,above,20,-15,20,25,-95021,40.0,-0.38
MSTU,btc_momentum3,0,above,30,-20,45,33,-102442,36.4,-0.31
AMDL,btc_rsi,50,above,12,-10,20,49,-105618,42.9,-0.22
MSTU,mstr_pct_ma20,0,above,20,-15,20,27,-124352,44.4,-0.46
MSTU,mstr_rsi,55,above,15,-20,30,24,-129382,50.0,-0.54
NVDL,btc_rsi,30,below,20,-20,30,14,-130354,42.9,-0.93
MSTU,btc_rsi,50,above,15,-15,20,42,-146888,45.2,-0.35
AMDL,btc_rsi,40,above,20,-20,30,39,-150715,43.6,-0.39
PTIR,btc_pct_ma20,-10,below,30,-20,45,9,-164708,33.3,-1.83
MSTU,btc_mstr_combo,55,above,30,-20,45,16,-165409,31.2,-1.03
AMDL,btc_rsi,40,above,15,-20,30,39,-178879,43.6,-0.46
AMDL,btc_rsi,40,above,20,-15,20,46,-179567,37.0,-0.39
AMDL,btc_pct_ma20,5,above,20,-15,20,22,-185355,40.9,-0.84
PTIR,btc_pct_ma20,-10,below,25,-20,30,9,-191609,33.3,-2.13
PTIR,btc_pct_ma20,-10,below,25,-15,20,9,-191609,33.3,-2.13
IREN,btc_pct_ma20,-10,below,12,-10,20,8,-192320,37.5,-2.41
MSTU,btc_mstr_combo,60,above,20,-20,30,20,-192489,45.0,-0.96
PTIR,btc_pct_ma20,-10,below,12,-10,20,9,-201522,44.4,-2.24
AMDL,btc_rsi,35,below,15,-20,30,21,-207628,47.6,-0.99
MSTU,btc_mstr_combo,60,above,30,-20,45,14,-211224,28.6,-1.51
MSTU,btc_mstr_combo,55,above,25,-20,30,20,-211794,40.0,-1.06
MSTU,mstr_rsi,55,above,25,-20,30,21,-212826,42.9,-1.01
MSTU,btc_mstr_combo,55,above,25,-15,20,24,-213450,37.5,-0.89
MSTU,btc_pct_ma20,-5,above,20,-15,20,50,-227163,42.0,-0.45
MSTU,mstr_rsi,35,below,15,-15,20,27,-231526,37.0,-0.86
AMDL,btc_rsi,40,above,25,-15,20,41,-241709,31.7,-0.59
AMDL,btc_momentum3,0,above,25,-20,30,38,-243302,31.6,-0.64
MSTU,mstr_pct_ma20,0,above,15,-15,20,29,-244015,44.8,-0.84
MSTU,btc_rsi,50,above,15,-20,30,33,-244211,48.5,-0.74
AMDL,btc_pct_ma20,0,above,20,-15,20,33,-248791,39.4,-0.75
MSTU,btc_ret3,5,above,20,-20,30,18,-249929,44.4,-1.39
AMDL,btc_rsi,35,below,12,-10,20,28,-251371,39.3,-0.9
AMDL,btc_pct_ma20,5,above,25,-15,20,21,-253316,33.3,-1.21
MSTU,btc_ret3,5,above,30,-20,45,16,-253457,37.5,-1.59
AMDL,mstr_rsi,60,above,30,-20,45,15,-259744,33.3,-1.73
PTIR,btc_pct_ma20,-10,below,20,-20,30,9,-268210,33.3,-2.98
PTIR,btc_pct_ma20,-10,below,20,-15,20,9,-268210,33.3,-2.98
AMDL,btc_rsi,35,below,20,-20,30,20,-274748,40.0,-1.38
AMDL,mstr_rsi,60,above,15,-20,30,20,-276183,45.0,-1.38
MSTU,mstr_pct_ma20,0,above,25,-15,20,25,-283567,40.0,-1.14
MSTU,btc_momentum3,0,above,20,-15,20,45,-287110,37.8,-0.64
PTIR,btc_pct_ma20,-10,below,15,-20,30,9,-297391,33.3,-3.31
PTIR,btc_pct_ma20,-10,below,15,-15,20,9,-297391,33.3,-3.31
IREN,btc_pct_ma20,-10,below,15,-15,20,8,-299879,37.5,-3.75
AMDL,btc_pct_ma20,-10,below,15,-20,30,8,-305832,50.0,-3.83
MSTU,mstr_pct_ma20,5,above,30,-20,45,14,-308773,28.6,-2.21
MSTU,btc_momentum3,0,above,12,-10,20,57,-310195,40.4,-0.54
AMDL,btc_pct_ma20,-10,below,20,-20,30,8,-311789,37.5,-3.9
AMDL,btc_pct_ma20,-10,below,20,-15,20,8,-322905,25.0,-4.04
MSTU,btc_pct_ma20,5,above,15,-20,30,18,-330317,44.4,-1.84
AMDL,btc_pct_ma20,-10,below,25,-20,30,7,-354371,42.9,-5.07
AMDL,btc_rsi,40,above,25,-20,30,37,-358931,35.1,-0.97
MSTU,btc_pct_ma20,0,above,15,-20,30,31,-359519,48.4,-1.16
CONL,btc_rsi,35,below,25,-15,20,34,-361803,35.3,-1.07
CONL,btc_rsi,35,below,20,-15,20,34,-361803,35.3,-1.07
AMDL,btc_pct_ma20,-10,below,12,-10,20,9,-364718,33.3,-4.06
AMDL,btc_pct_ma20,-10,below,25,-15,20,7,-365487,28.6,-5.23
MSTU,mstr_pct_ma20,5,above,15,-20,30,22,-365688,45.5,-1.66
MSTU,btc_pct_ma20,0,above,25,-15,20,29,-372498,37.9,-1.29
MSTU,btc_rsi,60,above,25,-20,30,22,-381686,40.9,-1.74
MSTU,btc_ret3,5,above,25,-20,30,17,-392208,41.2,-2.31
ROBN,btc_pct_ma20,-10,below,15,-15,20,9,-399590,44.4,-4.44
ROBN,btc_pct_ma20,-10,below,30,-20,45,9,-399590,44.4,-4.44
ROBN,btc_pct_ma20,-10,below,25,-15,20,9,-399590,44.4,-4.44
ROBN,btc_pct_ma20,-10,below,15,-20,30,9,-399590,44.4,-4.44
ROBN,btc_pct_ma20,-10,below,20,-20,30,9,-399590,44.4,-4.44
ROBN,btc_pct_ma20,-10,below,25,-20,30,9,-399590,44.4,-4.44
ROBN,btc_pct_ma20,-10,below,20,-15,20,9,-399590,44.4,-4.44
ROBN,btc_pct_ma20,-10,below,12,-10,20,9,-399590,44.4,-4.44
MSTU,btc_ret3,3,above,12,-10,20,38,-409324,36.8,-1.08
AMDL,btc_pct_ma20,5,above,15,-15,20,22,-409889,40.9,-1.86
CONL,btc_rsi,35,below,12,-10,20,36,-426982,41.7,-1.19
NVDL,btc_pct_ma20,-10,below,25,-20,30,4,-427066,25.0,-10.69
NVDL,btc_pct_ma20,-10,below,20,-20,30,4,-427066,25.0,-10.69
NVDL,btc_pct_ma20,-10,below,15,-20,30,4,-427066,25.0,-10.69
NVDL,btc_pct_ma20,-10,below,15,-15,20,5,-435635,20.0,-8.72
NVDL,btc_pct_ma20,-10,below,20,-15,20,5,-435635,20.0,-8.72
NVDL,btc_pct_ma20,-10,below,25,-15,20,5,-435635,20.0,-8.72
MSTU,mstr_pct_ma20,5,above,25,-20,30,19,-438786,36.8,-2.31
NVDL,btc_pct_ma20,-10,below,12,-10,20,7,-441696,28.6,-6.32
MSTU,btc_pct_ma20,5,above,20,-15,20,18,-445679,33.3,-2.48
IREN,btc_pct_ma20,-10,below,20,-15,20,7,-459558,28.6,-6.57
IREN,btc_pct_ma20,-10,below,25,-15,20,7,-459558,28.6,-6.57
MSTU,btc_pct_ma20,-10,below,15,-15,20,10,-467484,30.0,-4.68
MSTU,btc_pct_ma20,-10,below,12,-10,20,10,-467484,30.0,-4.68
MSTU,btc_pct_ma20,-10,below,15,-20,30,10,-467484,30.0,-4.68
MSTU,btc_rsi,30,below,12,-10,20,20,-474211,30.0,-2.37
NVDL,btc_pct_ma20,-10,below,30,-20,45,4,-478749,25.0,-11.98
MSTU,btc_rsi,60,above,15,-15,20,28,-480001,42.9,-1.72
AMDL,mstr_rsi,60,above,20,-20,30,18,-480778,38.9,-2.67
MSTU,btc_mstr_combo,55,above,20,-20,30,20,-485407,40.0,-2.43
MSTU,mstr_pct_ma20,0,above,30,-20,45,17,-486502,35.3,-2.86
MSTU,mstr_rsi,55,above,20,-20,30,21,-486983,42.9,-2.32
MSTU,btc_rsi,60,above,20,-15,20,26,-487658,38.5,-1.88
AMDL,btc_rsi,50,above,20,-15,20,36,-494934,38.9,-1.38
MSTU,btc_mstr_combo,55,above,15,-20,30,24,-503964,45.8,-2.1
AMDL,mstr_rsi,60,above,15,-15,20,22,-510719,36.4,-2.32
MSTU,btc_rsi,40,above,20,-15,20,49,-515772,40.8,-1.05
MSTU,btc_rsi,50,above,20,-15,20,36,-516551,38.9,-1.44
CONL,btc_rsi,35,below,20,-20,30,32,-518365,34.4,-1.62
MSTU,btc_ret3,5,above,20,-15,20,19,-526299,36.8,-2.77
AMDL,btc_pct_ma20,-10,below,30,-20,45,7,-526300,42.9,-7.53
AMDL,btc_pct_ma20,-10,below,15,-15,20,8,-530502,25.0,-6.64
MSTU,btc_pct_ma20,0,above,30,-20,45,20,-533598,30.0,-2.67
MSTU,btc_pct_ma20,-10,below,25,-20,30,10,-557503,30.0,-5.58
MSTU,btc_pct_ma20,-10,below,30,-20,45,10,-557503,30.0,-5.58
MSTU,btc_pct_ma20,-10,below,25,-15,20,10,-557503,30.0,-5.58
MSTU,btc_pct_ma20,-10,below,20,-15,20,10,-557503,30.0,-5.58
MSTU,btc_pct_ma20,-10,below,20,-20,30,10,-557503,30.0,-5.58
MSTU,btc_rsi,50,above,25,-20,30,29,-559611,41.4,-1.93
MSTU,btc_pct_ma20,5,above,25,-15,20,17,-566828,29.4,-3.34
AMDL,btc_rsi,40,above,15,-15,20,50,-579747,38.0,-1.16
MSTU,btc_rsi,60,above,25,-15,20,25,-586103,36.0,-2.35
AMDL,mstr_rsi,60,above,20,-15,20,20,-594330,35.0,-2.97
MSTU,mstr_pct_ma20,0,above,15,-20,30,26,-603614,46.2,-2.32
MSTU,btc_rsi,60,above,20,-20,30,22,-612237,40.9,-2.79
AMDL,mstr_rsi,60,above,25,-20,30,16,-626771,31.2,-3.92
MSTU,btc_rsi,60,above,15,-20,30,25,-630333,44.0,-2.52
MSTU,btc_ret3,5,above,25,-15,20,18,-632871,33.3,-3.52
MSTU,btc_rsi,50,above,20,-20,30,29,-638034,41.4,-2.2
AMDL,btc_rsi,50,above,25,-15,20,34,-646991,35.3,-1.9
MSTU,btc_rsi,30,below,15,-20,30,19,-647633,31.6,-3.41
MSTU,btc_momentum3,0,above,20,-20,30,38,-652151,39.5,-1.72
MSTU,mstr_pct_ma20,5,above,20,-20,30,20,-655335,40.0,-3.28
MSTU,btc_pct_ma20,0,above,25,-20,30,25,-659576,40.0,-2.64
MSTU,btc_rsi,60,above,30,-20,45,16,-667079,25.0,-4.17
MSTU,btc_rsi,30,below,20,-20,30,19,-696223,31.6,-3.67
MSTU,btc_rsi,30,below,25,-20,30,19,-696223,31.6,-3.67
AMDL,mstr_rsi,60,above,25,-15,20,19,-698427,36.8,-3.68
MSTU,btc_rsi,30,below,30,-20,45,19,-698831,26.3,-3.68
MSTU,btc_rsi,30,below,25,-15,20,20,-710968,25.0,-3.56
MSTU,mstr_rsi,35,below,20,-15,20,27,-738950,33.3,-2.74
MSTU,mstr_rsi,35,below,25,-15,20,27,-738950,33.3,-2.74
MSTU,btc_pct_ma20,-5,above,15,-15,20,53,-746319,43.4,-1.41
MSTU,btc_rsi,35,below,15,-20,30,26,-761512,34.6,-2.93
MSTU,btc_pct_ma20,5,above,30,-20,45,15,-771101,26.7,-5.15
IREN,btc_pct_ma20,-10,below,25,-20,30,7,-796661,14.3,-11.39
IREN,btc_pct_ma20,-10,below,15,-20,30,7,-796661,14.3,-11.39
IREN,btc_pct_ma20,-10,below,30,-20,45,7,-796661,14.3,-11.39
IREN,btc_pct_ma20,-10,below,20,-20,30,7,-796661,14.3,-11.39
MSTU,btc_rsi,40,above,30,-20,45,32,-804617,34.4,-2.52
MSTU,btc_rsi,30,below,20,-15,20,20,-810625,25.0,-4.06
MSTU,mstr_pct_ma20,0,above,25,-20,30,23,-843468,39.1,-3.67
AMDL,btc_rsi,50,above,15,-15,20,39,-843585,38.5,-2.17
CONL,btc_rsi,35,below,30,-20,45,31,-856878,32.3,-2.77
MSTU,btc_ret3,3,above,15,-20,30,30,-883563,46.7,-2.95
MSTU,btc_rsi,30,below,15,-15,20,20,-893267,25.0,-4.47
MSTU,btc_pct_ma20,5,above,25,-20,30,16,-902492,31.2,-5.65
MSTU,btc_ret3,3,above,30,-20,45,25,-943613,36.0,-3.78
MSTU,btc_pct_ma20,-5,above,20,-20,30,44,-947716,40.9,-2.16
MSTU,btc_rsi,50,above,25,-15,20,34,-948230,35.3,-2.79
MSTU,btc_pct_ma20,-5,above,15,-20,30,44,-960240,43.2,-2.18
MSTU,btc_rsi,35,below,15,-15,20,27,-968646,29.6,-3.59
MSTU,btc_momentum3,0,above,25,-15,20,43,-983067,32.6,-2.29
CONL,btc_rsi,35,below,25,-20,30,31,-990869,29.0,-3.2
MSTU,mstr_pct_ma20,0,above,20,-20,30,24,-996947,41.7,-4.16
MSTU,btc_rsi,35,below,12,-10,20,27,-1023531,29.6,-3.79
MSTU,btc_rsi,40,above,15,-15,20,53,-1027299,43.4,-1.94
MSTU,btc_rsi,35,below,30,-20,45,25,-1067901,28.0,-4.28
MSTU,btc_pct_ma20,-5,above,30,-20,45,32,-1070165,34.4,-3.35
MSTU,btc_pct_ma20,5,above,20,-20,30,16,-1095215,31.2,-6.85
MSTU,btc_rsi,50,above,30,-20,45,23,-1104745,26.1,-4.81
MSTU,btc_momentum3,0,above,25,-20,30,36,-1135979,36.1,-3.16
MSTU,btc_rsi,40,above,20,-20,30,42,-1152974,40.5,-2.75
MSTU,btc_rsi,35,below,25,-15,20,27,-1157616,25.9,-4.29
MSTU,btc_rsi,35,below,25,-20,30,26,-1181372,30.8,-4.55
MSTU,btc_rsi,35,below,20,-20,30,26,-1181372,30.8,-4.55
MSTU,btc_rsi,40,above,15,-20,30,44,-1193882,43.2,-2.72
MSTU,btc_rsi,40,above,25,-20,30,39,-1196276,38.5,-3.07
MSTU,btc_ret3,3,above,20,-20,30,27,-1200350,40.7,-4.45
MSTU,btc_rsi,40,above,25,-15,20,44,-1213373,36.4,-2.76
MSTU,btc_ret3,3,above,15,-15,20,34,-1216694,41.2,-3.58
MSTU,btc_pct_ma20,-5,above,25,-15,20,46,-1230048,37.0,-2.68
MSTU,btc_rsi,35,below,20,-15,20,27,-1257273,25.9,-4.66
MSTU,btc_pct_ma20,-5,above,25,-20,30,41,-1345288,39.0,-3.28
MSTU,btc_momentum3,0,above,15,-15,20,51,-1347083,39.2,-2.64
MSTU,btc_momentum3,0,above,15,-20,30,42,-1508891,40.5,-3.6
MSTU,btc_ret3,3,above,20,-15,20,32,-1587142,34.4,-4.96
MSTU,btc_ret3,3,above,25,-20,30,26,-1759957,34.6,-6.78
MSTU,btc_ret3,3,above,25,-15,20,31,-2128862,29.0,-6.87
