ticker,strategy,target,stop,hold,n,pnl,wr,avg
IREN,bb_macd_vol,25,-20,30,26,4059799,73.1,15.63
IREN,adx_di_cross,30,-20,45,24,3962895,66.7,16.53
IREN,adx_di_cross,25,-20,30,26,3956830,73.1,15.23
IREN,macd_positive_rsi,30,-20,45,23,3956247,69.6,17.22
IREN,macd_positive_rsi,20,-20,30,26,3897175,76.9,15.0
IREN,adx_di_cross,20,-20,30,29,3834450,75.9,13.24
IREN,macd_hist_grow,30,-20,45,25,3827831,64.0,15.33
CONL,macd_hist_grow,20,-15,20,38,3810347,63.2,10.04
IREN,bb_high_pct,20,-20,30,29,3747944,75.9,12.94
IREN,bb_high_pct,30,-20,45,25,3687347,64.0,14.76
IREN,bb_macd_vol,30,-20,45,23,3683779,65.2,16.03
PTIR,macd_hist_grow,25,-20,30,15,3634124,86.7,24.25
IREN,bb_squeeze_break,30,-20,45,23,3582829,65.2,15.59
CONL,bb_high_pct,15,-20,30,40,3571477,70.0,8.94
IREN,macd_hist_grow,25,-20,30,26,3530310,69.2,13.59
PTIR,macd_positive_rsi,25,-20,30,15,3503941,86.7,23.38
IREN,macd_positive_rsi,15,-20,30,33,3482208,75.8,10.56
CONL,adx_di_cross,20,-15,20,38,3456040,63.2,9.1
IREN,adx_di_cross,12,-10,15,50,3448511,68.0,6.9
CONL,adx_di_cross,15,-20,30,42,3445289,69.0,8.21
IREN,bb_high_pct,25,-20,30,26,3419133,69.2,13.16
IREN,macd_hist_grow,20,-20,30,29,3384522,72.4,11.68
CONL,bb_high_pct,20,-15,20,37,3378638,62.2,9.14
PTIR,macd_hist_grow,20,-20,30,16,3360515,87.5,21.02
IREN,bb_squeeze_break,25,-20,30,24,3354135,66.7,13.99
IREN,macd_positive_rsi,25,-20,30,24,3313526,70.8,13.82
PTIR,macd_hist_grow,30,-20,45,12,3306857,83.3,27.58
PTIR,bb_high_pct,30,-20,45,13,3306742,84.6,25.46
PTIR,adx_di_cross,20,-20,30,15,3305756,86.7,22.06
PTIR,bb_mid_up,25,-20,30,14,3300810,85.7,23.6
CONL,adx_di_cross,25,-20,30,28,3291204,57.1,11.77
PTIR,adx_di_cross,30,-20,45,13,3287899,84.6,25.32
IREN,bb_high_pct_vol,25,-20,30,24,3284706,70.8,13.7
CONL,bb_squeeze_break,25,-15,20,31,3275634,58.1,10.58
CONL,bb_high_pct,15,-10,20,50,3237644,56.0,6.48
PTIR,bb_macd_vol,30,-20,45,10,3233142,90.0,32.36
CONL,macd_positive_rsi,20,-15,20,36,3228329,61.1,8.98
IREN,bb_high_pct,15,-20,30,36,3225451,75.0,8.97
PTIR,dual_mom_rsi,30,-20,45,13,3209521,84.6,24.71
IREN,dual_mom_rsi,30,-20,45,23,3208071,65.2,13.96
IREN,macd_hist_grow,12,-10,15,49,3206897,67.3,6.55
IREN,bb_macd_vol,15,-20,30,33,3189826,75.8,9.68
CONL,bb_macd_vol,30,-20,45,25,3189116,56.0,12.77
IREN,dual_mom_rsi,25,-20,30,24,3188608,70.8,13.3
IREN,bb_high_pct_vol,30,-20,45,20,3187655,65.0,15.95
PTIR,macd_positive_rsi,30,-20,45,12,3176675,83.3,26.5
IREN,bb_high_pct_vol,15,-20,30,31,3173649,77.4,10.25
CONL,bb_squeeze_break,20,-15,20,32,3161585,62.5,9.89
PTIR,bb_high_pct,15,-20,30,20,3159687,85.0,15.81
CONL,bb_squeeze_break,15,-20,30,35,3148606,68.6,9.01
PTIR,bb_squeeze_break,30,-20,45,12,3147683,83.3,26.26
PTIR,mom20_rsi,20,-20,30,15,3138539,86.7,20.94
PTIR,bb_high_pct,25,-15,20,17,3123608,88.2,18.39
PTIR,macd_hist_grow,15,-20,30,19,3117649,84.2,16.43
IREN,adx_di_cross,15,-20,30,36,3112571,75.0,8.65
PTIR,bb_mid_up,20,-20,30,14,3101813,85.7,22.18
CONL,adx_di_cross,20,-20,30,33,3101133,63.6,9.41
IREN,macd_positive_rsi,20,-15,20,28,3100541,71.4,11.08
CONL,macd_hist_grow,15,-20,30,42,3086059,66.7,7.36
CONL,macd_hist_grow,25,-20,30,29,3080321,55.2,10.63
PTIR,macd_positive_rsi,20,-20,30,17,3066190,82.4,18.05
IREN,breakout10_bull,30,-20,45,20,3064562,65.0,15.34
CONL,adx_di_cross,15,-10,20,52,3062699,55.8,5.9
IREN,mom20_rsi,25,-20,30,24,3047431,70.8,12.71
CONL,macd_hist_grow,20,-20,30,35,3036332,62.9,8.68
PTIR,adx_di_cross,15,-20,30,21,3033797,81.0,14.46
PTIR,adx_di_cross,25,-20,30,14,3024215,85.7,21.62
IREN,bb_squeeze_break,20,-20,30,28,3014682,71.4,10.78
CONL,vol_surge_up,30,-20,45,18,3010856,61.1,16.74
CONL,bb_squeeze_break,30,-20,45,23,3004545,56.5,13.08
CONL,bb_high_pct,12,-10,15,56,2998885,60.7,5.36
CONL,macd_hist_grow,15,-10,20,52,2998409,53.8,5.77
PTIR,macd_positive_rsi,15,-20,30,21,2986654,81.0,14.24
CONL,bb_high_pct,25,-20,30,31,2964665,54.8,9.57
CONL,bb_macd_vol,20,-15,20,35,2962153,57.1,8.47
CONL,bb_high_pct,20,-20,30,33,2951436,63.6,8.95
PTIR,bb_mid_up,15,-20,30,16,2950500,87.5,18.46
IREN,bb_squeeze_break,12,-10,15,44,2949834,65.9,6.71
CONL,bb_high_pct,30,-20,45,25,2946923,56.0,11.8
CONL,bb_high_pct_vol,30,-20,45,21,2928005,57.1,13.96
CONL,macd_positive_rsi,15,-20,30,41,2926893,65.9,7.15
PTIR,bb_mid_up,30,-20,45,12,2900981,83.3,24.2
IREN,bb_high_pct,12,-10,15,50,2895177,64.0,5.8
PTIR,adx_di_cross,20,-15,20,18,2891699,83.3,16.08
CONL,adx_di_cross,30,-20,45,25,2889188,56.0,11.57
IREN,bb_macd_vol,20,-20,30,27,2887238,70.4,10.7
CONL,macd_hist_grow,30,-20,45,26,2886268,53.8,11.11
PTIR,dual_mom_rsi,15,-20,30,19,2878821,84.2,15.17
CONL,macd_positive_rsi,25,-20,30,29,2866482,55.2,9.89
IREN,macd_positive_rsi,25,-15,20,26,2865200,73.1,11.03
PTIR,mom20_rsi,20,-15,20,17,2862181,88.2,16.85
PTIR,mom20_rsi,15,-20,30,17,2854428,88.2,16.81
PTIR,breakout10_bull,30,-20,45,9,2851617,88.9,31.72
IREN,mom20_rsi,30,-20,45,23,2840806,60.9,12.36
NVDL,macd_hist_grow,15,-20,30,29,2833567,82.8,9.78
IREN,vol_surge_up,20,-20,30,24,2816990,70.8,11.75
PTIR,bb_high_pct,25,-20,30,15,2813385,80.0,18.77
IREN,vol_surge_up,25,-20,30,22,2810574,68.2,12.79
CONL,bb_high_pct,25,-15,20,35,2806896,54.3,8.03
IREN,adx_di_cross,15,-10,20,42,2795223,59.5,6.66
PTIR,mom20_rsi,30,-20,45,14,2790925,78.6,19.96
IREN,bb_high_pct_vol,12,-10,15,36,2787611,72.2,7.75
IREN,dual_mom_rsi,20,-20,30,25,2786686,72.0,11.16
CONL,bb_macd_vol,25,-20,30,29,2782691,55.2,9.61
CONL,vol_surge_rsi,30,-20,45,19,2763866,57.9,14.56
CONL,macd_positive_rsi,30,-20,45,26,2755667,53.8,10.61
PTIR,dual_mom_rsi,20,-20,30,15,2754351,80.0,18.38
IREN,bb_high_pct_vol,20,-20,30,25,2733662,72.0,10.95
PTIR,breakout10_rsi,30,-20,45,9,2728148,88.9,30.34
PTIR,adx_di_cross,25,-15,20,18,2725651,77.8,15.16
PTIR,bb_high_pct,20,-15,20,19,2725514,78.9,14.36
CONL,macd_positive_rsi,20,-20,30,34,2720865,61.8,8.01
IREN,mom20_rsi,12,-10,15,45,2712440,64.4,6.03
IREN,bb_macd_vol,12,-10,15,42,2705123,69.0,6.45
CONL,breakout10_bull,30,-20,45,17,2696254,58.8,15.88
CONL,breakout10_rsi,30,-20,45,17,2696254,58.8,15.88
IREN,dual_mom_rsi,15,-20,30,32,2667053,71.9,8.34
IREN,macd_hist_grow,15,-10,20,42,2660614,59.5,6.34
PTIR,vol_surge_up,25,-20,30,7,2649686,100.0,37.89
IREN,macd_hist_grow,15,-20,30,36,2643487,72.2,7.35
PTIR,mom20_rsi,25,-20,30,15,2640900,80.0,17.62
IREN,adx_di_cross,25,-15,20,30,2631170,60.0,8.78
IREN,breakout10_rsi,30,-20,45,19,2617641,63.2,13.79
CONL,vol_high_break,30,-20,45,13,2617302,69.2,20.15
IREN,mom20_rsi,20,-20,30,25,2606848,72.0,10.44
CONL,adx_di_cross,12,-10,15,58,2606831,58.6,4.5
PTIR,vol_surge_up,30,-20,45,7,2603084,85.7,37.22
NVDL,macd_positive_rsi,15,-20,30,27,2597098,81.5,9.63
PTIR,breakout20_bull,30,-20,45,9,2589455,77.8,28.8
PTIR,bb_squeeze_break,25,-20,30,14,2581167,71.4,18.46
IREN,vol_surge_rsi,20,-20,30,21,2573587,71.4,12.27
CONL,macd_hist_grow,25,-15,20,32,2566734,56.2,8.03
IREN,macd_positive_rsi,12,-10,15,42,2563787,66.7,6.11
NVDL,breakout20_bull,30,-20,45,12,2548955,91.7,21.26
CONL,adx_di_cross,25,-15,20,33,2546267,57.6,7.72
PTIR,macd_hist_grow,12,-10,15,27,2533539,74.1,9.39
PTIR,vol_surge_rsi,20,-20,30,8,2522856,100.0,31.57
IREN,breakout20_bull,25,-20,30,19,2517036,68.4,13.26
IREN,vol_surge_rsi,25,-20,30,19,2516934,68.4,13.26
IREN,bb_squeeze_break,25,-15,20,27,2514816,63.0,9.32
PTIR,bb_high_pct,20,-20,30,17,2513887,70.6,14.8
CONL,vol_surge_up,15,-20,30,25,2510989,68.0,10.05
CONL,macd_positive_rsi,15,-10,20,50,2509735,52.0,5.02
PTIR,bb_high_pct_vol,30,-20,45,8,2504984,87.5,31.34
CONL,bb_high_pct_vol,25,-20,30,23,2499200,56.5,10.88
CONL,macd_hist_grow,12,-10,15,57,2485492,56.1,4.36
CONL,bb_high_pct_vol,20,-15,20,29,2483602,58.6,8.57
CONL,bb_mid_up,15,-10,20,32,2482441,56.2,7.77
IREN,bb_high_pct_vol,15,-10,20,33,2451416,63.6,7.44
CONL,vol_high_break,25,-20,30,14,2443660,71.4,17.47
PTIR,bb_squeeze_break,15,-20,30,21,2441958,81.0,11.64
CONL,bb_squeeze_break,25,-20,30,27,2440977,55.6,9.05
IREN,bb_macd_vol,15,-10,20,34,2438228,61.8,7.18
NVDL,macd_hist_grow,30,-20,45,16,2434115,75.0,15.23
IREN,all_green,30,-20,45,13,2432826,69.2,18.73
PTIR,bb_mid_up,25,-15,20,14,2426741,78.6,17.35
PTIR,macd_positive_rsi,12,-10,15,27,2414322,74.1,8.95
CONL,breakout20_bull,30,-20,45,15,2412542,60.0,16.1
NVDL,breakout20_bull,25,-20,30,13,2403759,76.9,18.51
IREN,breakout20_bull,15,-20,30,21,2399037,76.2,11.44
PTIR,bb_squeeze_break,20,-20,30,16,2381893,68.8,14.9
IREN,dual_mom_rsi,20,-15,20,27,2371628,66.7,8.79
NVDL,triple_ma_align,15,-20,30,24,2368365,83.3,9.88
NVDL,dual_mom_rsi,15,-20,30,28,2366429,78.6,8.46
PTIR,vol_surge_up,25,-15,20,7,2360587,100.0,33.76
IREN,bb_squeeze_break,15,-10,20,38,2354182,57.9,6.2
CONL,bb_macd_vol,25,-15,20,31,2353244,51.6,7.6
IREN,all_green,20,-20,30,15,2343363,80.0,15.64
PTIR,breakout10_bull,15,-20,30,14,2342491,85.7,16.75
CONL,macd_positive_rsi,25,-15,20,32,2342337,56.2,7.33
CONL,bb_macd_vol,15,-20,30,36,2339684,61.1,6.51
PTIR,breakout20_bull,25,-20,30,11,2337582,90.9,21.27
NVDL,breakout10_bull,30,-20,45,14,2337294,78.6,16.71
PTIR,adx_di_cross,15,-10,20,27,2334700,66.7,8.66
IREN,mom20_rsi,15,-20,30,32,2319727,71.9,7.26
PTIR,vol_surge_rsi,25,-20,30,7,2314336,100.0,33.1
PTIR,bb_mid_up,20,-15,20,14,2313327,78.6,16.54
IREN,dual_mom_rsi,25,-15,20,25,2312212,68.0,9.26
IREN,bb_mid_up,30,-20,45,15,2298907,66.7,15.34
NVDL,breakout10_bull,25,-20,30,14,2290910,78.6,16.38
CONL,bb_macd_vol,15,-10,20,43,2290431,51.2,5.33
PTIR,dual_mom_rsi,25,-20,30,14,2288211,78.6,16.36
PTIR,bb_macd_vol,25,-20,30,10,2280932,90.0,22.83
IREN,bb_squeeze_break,20,-15,20,30,2280304,63.3,7.61
IREN,adx_di_cross,20,-15,20,31,2279861,58.1,7.36
PTIR,vol_surge_up,20,-20,30,8,2278654,100.0,28.51
NVDL,breakout10_rsi,30,-20,45,14,2270674,78.6,16.24
IREN,breakout10_bull,25,-20,30,22,2268215,63.6,10.32
PTIR,vol_surge_rsi,30,-20,45,7,2267735,85.7,32.43
CONL,vol_surge_rsi,15,-20,30,26,2263998,65.4,8.72
IREN,breakout_macd_adx,15,-20,30,12,2262506,91.7,18.87
IREN,breakout10_rsi,15,-20,30,23,2260164,73.9,9.84
CONL,bb_high_pct_vol,15,-20,30,30,2257184,63.3,7.53
PTIR,bb_macd_vol,20,-20,30,12,2256119,83.3,18.82
IREN,breakout10_bull,12,-10,15,25,2255993,76.0,9.03
IREN,bb_mid_up,25,-15,20,16,2251996,68.8,14.09
IREN,breakout10_bull,15,-10,20,24,2245037,70.8,9.36
CONL,bb_macd_vol,20,-20,30,33,2244532,57.6,6.81
IREN,bb_high_pct,15,-10,20,43,2244189,55.8,5.22
IREN,all_green,25,-20,30,13,2240998,76.9,17.26
CONL,bb_mid_up,12,-10,15,34,2236509,61.8,6.58
CONL,bb_squeeze_break,20,-20,30,30,2236494,60.0,7.46
PTIR,vol_surge_up,15,-20,30,10,2227407,100.0,22.3
PTIR,breakout10_rsi,15,-20,30,14,2219021,85.7,15.87
NVDL,breakout10_rsi,25,-20,30,14,2215720,71.4,15.84
NVDL,triple_ma_align,20,-20,30,17,2213759,82.4,13.04
IREN,breakout20_bull,20,-20,30,20,2212029,70.0,11.07
NVDL,bb_high_pct,15,-20,30,30,2210073,76.7,7.37
NVDL,bb_squeeze_break,15,-20,30,29,2208557,75.9,7.62
PTIR,macd_positive_rsi,15,-10,20,24,2207587,66.7,9.21
IREN,macd_positive_rsi,15,-10,20,40,2204534,57.5,5.52
CONL,mom20_rsi,30,-20,45,25,2204279,52.0,8.83
PTIR,mom20_rsi,15,-10,20,25,2201796,72.0,8.82
IREN,all_green,15,-20,30,19,2200504,78.9,11.59
IREN,dual_mom_rsi,12,-10,15,38,2199643,65.8,5.79
NVDL,triple_ma_align,25,-20,30,15,2199251,80.0,14.68
IREN,breakout10_bull,15,-20,30,23,2194530,73.9,9.55
IREN,triple_ma_align,25,-20,30,19,2192625,68.4,11.55
CONL,dual_mom_rsi,20,-15,20,31,2192480,54.8,7.08
PTIR,macd_hist_grow,15,-10,20,24,2187012,66.7,9.12
PTIR,bb_high_pct,12,-10,15,30,2185845,70.0,7.29
PTIR,mom20_rsi,25,-15,20,17,2183911,76.5,12.86
CONL,breakout20_bull,20,-15,20,20,2183864,60.0,10.93
CONL,vol_high_break,15,-20,30,15,2178112,73.3,14.54
IREN,breakout10_rsi,25,-20,30,22,2174761,63.6,9.9
NVDL,bb_high_pct,25,-20,30,22,2161830,68.2,9.84
IREN,macd_hist_grow,20,-15,20,31,2161617,58.1,6.98
IREN,triple_ma_align,30,-20,45,18,2160412,61.1,12.01
IREN,breakout10_rsi,12,-10,15,25,2154434,76.0,8.63
PTIR,breakout10_bull,25,-20,30,12,2151663,83.3,17.95
PTIR,dual_mom_rsi,12,-10,15,26,2146735,73.1,8.26
PTIR,dual_mom_rsi,15,-10,20,23,2145689,69.6,9.34
NVDL,bb_macd_vol,25,-15,20,15,2140500,73.3,14.28
CONL,vol_surge_up,20,-15,20,24,2133417,58.3,8.9
NVDL,macd_hist_grow,25,-15,20,24,2129220,75.0,8.88
NVDL,triple_align_vol,25,-15,20,12,2125187,83.3,17.73
IREN,vol_surge_rsi,30,-20,45,16,2122212,62.5,13.28
IREN,triple_align_vol,25,-20,30,14,2118670,71.4,15.15
NVDL,bb_macd_vol,30,-20,45,13,2114450,76.9,16.28
CONL,all_green,20,-15,20,21,2105776,61.9,10.04
CONL,breakout10_rsi,20,-15,20,22,2102399,59.1,9.57
CONL,breakout10_bull,20,-15,20,22,2102399,59.1,9.57
PTIR,vol_surge_up,12,-10,15,11,2100774,100.0,19.12
IREN,triple_ma_align,20,-20,30,19,2098982,68.4,11.06
PTIR,macd_hist_grow,20,-15,20,18,2092049,72.2,11.63
CONL,vol_surge_up,25,-15,20,20,2090578,55.0,10.46
CONL,dual_mom_rsi,30,-20,45,23,2084800,52.2,9.07
PTIR,mom20_rsi,12,-10,15,30,2081746,70.0,6.95
IREN,mom20_rsi,15,-10,20,39,2081056,56.4,5.34
IREN,bb_squeeze_break,15,-20,30,33,2077847,69.7,6.3
PTIR,vol_surge_rsi,15,-20,30,9,2075993,100.0,23.09
IREN,bb_high_pct_vol,20,-15,20,26,2074778,61.5,7.99
PTIR,bb_mid_up,12,-10,15,19,2073395,78.9,10.92
NVDL,mom20_rsi,15,-20,30,28,2072673,75.0,7.41
CONL,mom20_rsi,25,-20,30,29,2072106,51.7,7.15
NVDL,adx_di_cross,15,-20,30,30,2071683,73.3,6.91
PTIR,bb_high_pct_vol,20,-20,30,9,2069827,77.8,23.02
CONL,vol_surge_up,25,-20,30,19,2069756,57.9,10.9
IREN,triple_ma_align,12,-10,15,28,2060332,71.4,7.37
CONL,bb_squeeze_break,15,-10,20,42,2051328,52.4,4.89
PTIR,adx_di_cross,12,-10,15,31,2050945,67.7,6.62
IREN,vol_high_break,30,-20,45,19,2047326,57.9,10.79
PTIR,bb_high_pct,15,-10,20,26,2046862,65.4,7.88
PTIR,bb_squeeze_break,12,-10,15,26,2046068,73.1,7.88
IREN,breakout10_rsi,15,-10,20,24,2041898,66.7,8.52
PTIR,dual_mom_rsi,20,-15,20,16,2040361,75.0,12.77
CONL,vol_surge_up,20,-20,30,23,2039949,60.9,8.88
IREN,breakout_macd_adx,30,-20,45,10,2039272,70.0,20.41
CONL,bb_mid_up,25,-20,30,21,2037279,57.1,9.71
IREN,breakout20_bull,12,-10,15,23,2036005,78.3,8.86
CONL,bb_high_pct_vol,20,-20,30,28,2032077,57.1,7.26
PTIR,breakout10_rsi,25,-20,30,12,2028193,83.3,16.92
PTIR,vol_surge_rsi,25,-15,20,7,2025238,100.0,28.96
PTIR,macd_positive_rsi,20,-15,20,19,2023549,68.4,10.66
IREN,adx_trend_up,30,-20,45,13,2015225,61.5,15.52
IREN,macd_hist_grow,25,-15,20,29,2004754,55.2,6.92
IREN,bb_high_pct_vol,25,-15,20,24,2004008,58.3,8.36
NVDL,mom20_rsi,25,-20,30,20,2002597,65.0,10.02
NVDL,bb_macd_vol,25,-20,30,15,2002262,73.3,13.36
IREN,breakout20_bull,25,-15,20,20,2000161,65.0,10.01
IREN,triple_ma_align,25,-15,20,19,1998499,57.9,10.53
PTIR,bb_mid_up,15,-10,20,16,1997994,75.0,12.5
NVDL,bb_high_pct,30,-20,45,17,1992250,64.7,11.73
PTIR,bb_high_pct_vol,15,-20,30,12,1991157,83.3,16.61
CONL,vol_surge_rsi,20,-15,20,25,1981636,56.0,7.93
NVDL,triple_align_vol,25,-20,30,12,1981418,83.3,16.53
IREN,vol_surge_up,15,-20,30,26,1980551,65.4,7.63
CONL,vol_surge_up,15,-10,20,27,1978207,51.9,7.33
NVDL,triple_ma_align,30,-20,45,13,1975701,69.2,15.21
CONL,mom20_rsi,25,-15,20,34,1975000,50.0,5.81
PTIR,vol_surge_up,15,-10,20,11,1974657,90.9,17.97
PTIR,vol_surge_rsi,12,-10,15,10,1974398,100.0,19.76
CONL,breakout_macd_adx,20,-15,20,12,1969292,75.0,16.43
PTIR,triple_align_vol,30,-20,45,6,1968173,100.0,32.84
IREN,breakout20_bull,15,-10,20,22,1966541,68.2,8.95
IREN,breakout20_bull,30,-20,45,17,1959787,58.8,11.54
NVDL,bb_high_pct,20,-20,30,23,1958159,73.9,8.52
NVDL,macd_positive_rsi,30,-20,45,16,1957329,68.8,12.25
IREN,triple_align_vol,20,-20,30,15,1953824,73.3,13.04
IREN,breakout10_rsi,25,-15,20,22,1948712,63.6,8.87
PTIR,bb_squeeze_break,20,-15,20,16,1946625,68.8,12.18
PTIR,bb_macd_vol,15,-20,30,13,1946319,84.6,14.99
CONL,vol_surge_rsi,25,-15,20,21,1938796,52.4,9.24
NVDL,breakout20_bull,25,-15,20,15,1937856,66.7,12.93
CONL,vol_surge_rsi,15,-10,20,27,1936343,51.9,7.18
IREN,breakout10_rsi,20,-20,30,23,1931265,65.2,8.41
IREN,breakout10_rsi,20,-15,20,23,1929841,65.2,8.4
CONL,dual_mom_rsi,20,-20,30,29,1929559,58.6,6.66
CONL,bb_lower_bounce,20,-20,30,30,1925607,60.0,6.43
CONL,bb_lower_bounce,20,-15,20,30,1925607,60.0,6.43
IREN,triple_align_vol,30,-20,45,12,1918154,66.7,16.0
CONL,mom20_rsi,20,-15,20,36,1915822,52.8,5.33
ROBN,macd_hist_grow,30,-20,45,10,1913990,70.0,19.16
CONL,vol_high_break,20,-20,30,15,1912982,66.7,12.77
NVDL,adx_di_cross,30,-20,45,17,1911632,64.7,11.26
CONL,breakout10_bull,25,-20,30,20,1911387,55.0,9.57
CONL,breakout10_rsi,25,-20,30,20,1911387,55.0,9.57
NVDL,triple_align_vol,20,-15,20,13,1909046,84.6,14.7
NVDL,breakout10_rsi,25,-15,20,18,1908385,66.7,10.61
IREN,bb_high_pct,20,-15,20,33,1907174,57.6,5.79
IREN,vol_surge_up,30,-20,45,20,1905482,55.0,9.54
CONL,vol_high_break,20,-15,20,16,1901144,62.5,11.89
PTIR,vol_surge_rsi,20,-15,20,8,1898961,87.5,23.76
PTIR,bb_squeeze_break,25,-15,20,14,1895146,71.4,13.55
IREN,bb_mid_up,15,-20,30,20,1890136,75.0,9.46
NVDL,triple_ma_align,15,-10,20,26,1889423,73.1,7.27
IREN,bb_macd_vol,25,-15,20,26,1876654,53.8,7.23
IREN,breakout10_bull,20,-20,30,23,1874682,65.2,8.16
IREN,bb_mid_up,25,-20,30,15,1874003,66.7,12.51
PTIR,breakout10_bull,20,-20,30,13,1870847,76.9,14.41
NVDL,adx_di_cross,25,-20,30,22,1870469,59.1,8.51
CONL,dual_mom_rsi,15,-20,30,32,1869777,62.5,5.85
CONL,vol_high_break,15,-10,20,16,1865723,62.5,11.67
NVDL,bb_high_pct,25,-15,20,26,1864406,65.4,7.18
PTIR,bb_macd_vol,25,-15,20,10,1859141,90.0,18.61
IREN,breakout20_bull,20,-15,20,21,1858688,66.7,8.86
NVDL,dual_mom_rsi,25,-15,20,24,1858260,62.5,7.75
NVDL,breakout10_bull,25,-15,20,18,1855813,61.1,10.32
IREN,bb_high_pct,25,-15,20,30,1853607,56.7,6.18
ROBN,dual_mom_rsi,25,-15,20,10,1851744,80.0,18.54
ROBN,adx_di_cross,25,-15,20,10,1851744,80.0,18.54
IREN,dual_mom_rsi,15,-10,20,36,1850375,55.6,5.15
NVDL,mom20_rsi,20,-20,30,22,1849886,63.6,8.42
NVDL,macd_positive_rsi,25,-15,20,23,1841369,65.2,8.01
IREN,all_green,12,-10,15,24,1835625,70.8,7.66
NVDL,mom20_rsi,30,-20,45,17,1833642,58.8,10.8
NVDL,bb_high_pct_vol,25,-15,20,15,1827473,66.7,12.2
PTIR,vol_surge_rsi,15,-10,20,10,1823243,90.0,18.25
CONL,vol_surge_rsi,25,-20,30,20,1822766,55.0,9.12
IREN,breakout10_bull,25,-15,20,22,1817297,59.1,8.27
CONL,triple_align_vol,20,-15,20,14,1814722,71.4,12.98
IREN,triple_ma_align,15,-20,30,21,1813790,71.4,8.65
NVDL,bb_macd_vol,20,-20,30,16,1811067,68.8,11.33
CONL,bb_mid_up,30,-20,45,19,1810099,52.6,9.54
NVDL,all_green,15,-20,30,14,1809306,85.7,12.94
CONL,breakout20_bull,25,-15,20,19,1803814,52.6,9.5
IREN,all_green,15,-10,20,21,1802803,61.9,8.59
NVDL,bb_macd_vol,20,-15,20,16,1801106,68.8,11.27
IREN,bb_macd_vol,20,-15,20,28,1800013,57.1,6.44
NVDL,mom20_rsi,15,-10,20,30,1797517,66.7,6.0
NVDL,bb_high_pct_vol,30,-20,45,13,1795052,76.9,13.82
CONL,breakout20_bull,15,-20,30,20,1793851,65.0,8.98
CONL,vol_surge_rsi,20,-20,30,24,1792959,58.3,7.48
PTIR,bb_high_pct_vol,25,-20,30,8,1791100,75.0,22.41
IREN,vol_surge_up,20,-15,20,24,1790901,58.3,7.47
IREN,vol_high_break,25,-20,30,21,1787478,61.9,8.52
NVDL,triple_align_vol,20,-20,30,13,1786012,76.9,13.75
NVDL,triple_ma_align,25,-15,20,19,1785556,68.4,9.41
ROBN,adx_di_cross,25,-20,30,9,1783099,77.8,19.83
ROBN,dual_mom_rsi,25,-20,30,9,1783099,77.8,19.83
CONL,bb_high_pct_vol,15,-10,20,33,1780866,48.5,5.4
ROBN,macd_hist_grow,25,-20,30,10,1780669,80.0,17.82
CONL,breakout20_bull,25,-20,30,18,1778945,55.6,9.89
NVDL,bb_high_pct,15,-10,20,34,1776029,64.7,5.23
ROBN,adx_di_cross,15,-20,30,10,1774255,90.0,17.76
ROBN,dual_mom_rsi,15,-20,30,10,1774255,90.0,17.76
NVDL,bb_high_pct,12,-10,15,36,1766783,66.7,4.91
IREN,bb_mid_up,20,-15,20,16,1766438,68.8,11.05
NVDL,bb_high_pct_vol,25,-20,30,15,1758494,66.7,11.74
IREN,all_green,20,-15,20,15,1758370,66.7,11.73
IREN,triple_ma_align,20,-15,20,19,1757403,57.9,9.26
NVDL,breakout20_bull,20,-20,30,15,1757070,73.3,11.73
NVDL,bb_macd_vol,15,-20,30,18,1754983,77.8,9.76
CONL,adx_trend_up,15,-20,30,15,1754139,80.0,11.71
IREN,breakout_macd_adx,25,-20,30,10,1754084,70.0,17.56
IREN,vol_surge_rsi,15,-20,30,23,1753561,65.2,7.63
IREN,vol_high_break,12,-10,15,22,1748527,72.7,7.96
PTIR,breakout10_rsi,20,-20,30,13,1747377,76.9,13.45
PTIR,macd_cross_bull,15,-20,30,7,1745515,85.7,24.96
ROBN,dual_mom_rsi,30,-20,45,8,1741737,75.0,21.79
ROBN,adx_di_cross,30,-20,45,8,1741737,75.0,21.79
NVDL,triple_align_vol,30,-20,45,10,1738874,80.0,17.41
NVDL,breakout10_rsi,15,-20,30,18,1737884,83.3,9.66
NVDL,macd_positive_rsi,25,-20,30,19,1735252,68.4,9.14
NVDL,triple_align_vol,15,-20,30,14,1730316,85.7,12.37
ROBN,dual_mom_rsi,20,-20,30,9,1728920,88.9,19.23
ROBN,adx_di_cross,20,-20,30,9,1728920,88.9,19.23
IREN,vol_high_break,15,-10,20,22,1728722,68.2,7.87
NVDL,breakout20_bull,15,-20,30,17,1728094,76.5,10.18
PTIR,bb_macd_vol,12,-10,15,15,1726834,80.0,11.52
NVDL,macd_hist_grow,20,-15,20,25,1725722,72.0,6.91
PTIR,breakout20_bull,15,-20,30,12,1723511,83.3,14.38
PTIR,bb_macd_vol,15,-10,20,14,1723210,78.6,12.32
CONL,macd_positive_rsi,12,-10,15,53,1722957,52.8,3.25
IREN,breakout_macd_adx,15,-10,20,12,1712990,83.3,14.29
ROBN,mom20_rsi,15,-20,30,10,1709004,90.0,17.11
CONL,breakout_macd_adx,25,-15,20,12,1705726,66.7,14.23
NVDL,adx_di_cross,25,-15,20,28,1702412,64.3,6.09
NVDL,breakout10_bull,20,-20,30,16,1701101,81.2,10.64
CONL,adx_trend_up,20,-20,30,13,1695140,76.9,13.05
IREN,mom20_rsi,25,-15,20,26,1693273,53.8,6.52
NVDL,all_green,30,-20,45,9,1693232,77.8,18.83
NVDL,breakout10_bull,15,-20,30,19,1692898,78.9,8.92
MSTU,macd_hist_grow,12,-10,15,25,1691750,64.0,6.77
CONL,dual_mom_rsi,15,-10,20,42,1684751,47.6,4.02
IREN,vol_high_break,20,-20,30,21,1679084,66.7,8.0
IREN,vol_surge_up,12,-10,15,27,1675950,70.4,6.21
NVDL,bb_high_pct_vol,15,-20,30,18,1674937,72.2,9.31
CONL,bb_high_pct_vol,25,-15,20,27,1672643,51.9,6.2
CONL,bb_mid_up,15,-20,30,29,1670257,65.5,5.77
IREN,vol_surge_up,15,-10,20,27,1669861,59.3,6.19
NVDL,bb_high_pct_vol,20,-15,20,16,1668783,68.8,10.44
CONL,bb_lower_bounce,15,-20,30,30,1668678,60.0,5.57
CONL,bb_lower_bounce,15,-10,20,30,1668678,60.0,5.57
ROBN,mom20_rsi,30,-20,45,8,1668408,75.0,20.88
NVDL,macd_positive_rsi,20,-20,30,21,1666994,61.9,7.95
ROBN,macd_positive_rsi,25,-15,20,11,1664003,72.7,15.14
PTIR,vol_surge_up,20,-15,20,8,1654759,87.5,20.71
CONL,mom20_rsi,15,-10,20,49,1653570,46.9,3.38
CONL,mom20_rsi,15,-20,30,37,1653243,59.5,4.47
ROBN,macd_hist_grow,15,-20,30,12,1653087,83.3,13.79
CONL,breakout20_bull,20,-20,30,19,1650207,63.2,8.69
IREN,breakout10_bull,20,-15,20,23,1648389,60.9,7.17
IREN,breakout_macd_adx,20,-20,30,12,1647184,75.0,13.74
IREN,vol_surge_rsi,20,-15,20,21,1646832,57.1,7.85
IREN,triple_align_vol,25,-15,20,15,1646372,60.0,10.99
IREN,vol_high_break,15,-20,30,21,1643220,71.4,7.83
NVDL,macd_hist_grow,25,-20,30,22,1640773,68.2,7.47
NVDL,mom20_rsi,25,-15,20,22,1633852,63.6,7.43
NVDL,dual_mom_rsi,25,-20,30,20,1633011,65.0,8.17
ROBN,macd_hist_grow,20,-20,30,11,1633001,81.8,14.86
IREN,adx_trend_up,20,-20,30,14,1632586,71.4,11.67
CONL,all_green,12,-10,15,28,1631850,60.7,5.83
PTIR,macd_hist_grow,25,-15,20,16,1629281,62.5,10.19
NVDL,macd_hist_grow,20,-20,30,24,1626406,66.7,6.78
NVDL,breakout10_rsi,20,-20,30,16,1625911,75.0,10.17
ROBN,bb_high_pct,30,-20,45,11,1625248,63.6,14.79
NVDL,macd_positive_rsi,15,-10,20,30,1624354,66.7,5.42
NVDL,dual_mom_rsi,30,-20,45,18,1623553,61.1,9.03
NVDL,triple_align_vol,12,-10,15,17,1614465,82.4,9.51
IREN,vol_surge_rsi,12,-10,15,24,1612891,70.8,6.73
CONL,dual_mom_rsi,25,-20,30,25,1612568,52.0,6.46
IREN,triple_ma_align,15,-10,20,21,1609696,57.1,7.67
IREN,mom20_rsi,20,-15,20,29,1607617,55.2,5.55
NVDL,bb_squeeze_break,30,-20,45,16,1606193,62.5,10.05
NVDL,bb_high_pct_vol,20,-20,30,16,1604513,62.5,10.04
CONL,bb_high_pct_vol,12,-10,15,36,1599153,55.6,4.45
CONL,all_green,15,-10,20,26,1587337,57.7,6.11
NVDL,bb_macd_vol,12,-10,15,23,1587220,73.9,6.91
IREN,breakout_macd_adx,25,-15,20,11,1582689,72.7,14.4
NVDL,bb_high_pct_vol,12,-10,15,22,1580341,77.3,7.19
NVDL,adx_di_cross,15,-10,20,36,1574123,63.9,4.38
ROBN,mom20_rsi,20,-20,30,8,1573659,87.5,19.69
CONL,bb_squeeze_break,12,-10,15,45,1573631,55.6,3.5
ROBN,macd_positive_rsi,25,-20,30,10,1568880,70.0,15.7
NVDL,dual_mom_rsi,15,-10,20,31,1566358,64.5,5.06
IREN,triple_align_vol,20,-15,20,15,1565490,60.0,10.45
ROBN,bb_squeeze_break,15,-20,30,9,1564457,88.9,17.4
CONL,breakout10_bull,15,-10,20,25,1563317,52.0,6.26
CONL,breakout10_rsi,15,-10,20,25,1563317,52.0,6.26
PTIR,triple_ma_align,15,-20,30,14,1560622,78.6,11.16
ROBN,macd_positive_rsi,15,-20,30,11,1560036,81.8,14.2
IREN,all_green,25,-15,20,14,1558755,71.4,11.15
NVDL,bb_high_pct_vol,15,-10,20,19,1554902,68.4,8.19
NVDL,triple_align_vol,15,-10,20,15,1554875,73.3,10.38
CONL,breakout10_rsi,20,-20,30,21,1554449,61.9,7.41
CONL,breakout10_bull,20,-20,30,21,1554449,61.9,7.41
NVDL,breakout_macd_adx,25,-20,30,9,1552024,77.8,17.26
PTIR,bb_high_pct_vol,12,-10,15,14,1551905,78.6,11.1
CONL,adx_trend_up,20,-15,20,13,1550514,69.2,11.94
IREN,adx_trend_up,25,-20,30,13,1549285,69.2,11.93
NVDL,breakout10_rsi,15,-10,20,21,1547356,71.4,7.38
PTIR,breakout10_bull,15,-10,20,18,1547199,61.1,8.6
CONL,breakout10_rsi,15,-20,30,22,1543168,63.6,7.02
CONL,breakout10_bull,15,-20,30,22,1543168,63.6,7.02
NVDL,macd_hist_grow,15,-10,20,30,1542303,66.7,5.15
CONL,bb_mid_up,20,-20,30,25,1537897,60.0,6.16
PTIR,breakout10_bull,12,-10,15,18,1535006,66.7,8.54
ROBN,mom20_rsi,25,-20,30,8,1535004,87.5,19.21
CONL,breakout_macd_adx,15,-20,30,13,1532514,76.9,11.8
NVDL,triple_ma_align,20,-15,20,20,1532117,70.0,7.67
CONL,mom20_rsi,20,-20,30,32,1531334,56.2,4.79
ROBN,macd_positive_rsi,30,-20,45,9,1527518,66.7,16.99
ROBN,mom20_rsi,15,-10,20,13,1524835,69.2,11.74
CONL,triple_align_vol,15,-20,30,14,1521896,71.4,10.88
NVDL,macd_hist_grow,12,-10,15,35,1517014,65.7,4.34
NVDL,bb_macd_vol,15,-10,20,20,1516934,65.0,7.59
ROBN,macd_positive_rsi,20,-20,30,10,1514700,80.0,15.16
CONL,triple_align_vol,25,-20,30,12,1508459,58.3,12.58
NVDL,bb_high_pct,20,-15,20,26,1507907,57.7,5.81
CONL,dual_mom_rsi,25,-15,20,30,1503720,46.7,5.02
CONL,all_green,25,-15,20,20,1503463,55.0,7.52
CONL,triple_align_vol,20,-20,30,14,1500060,64.3,10.73
PTIR,macd_positive_rsi,25,-15,20,16,1499099,62.5,9.38
CONL,all_green,30,-20,45,16,1498379,56.2,9.37
ROBN,adx_di_cross,12,-10,15,17,1497141,70.6,8.82
ROBN,adx_di_cross,15,-10,20,11,1494660,72.7,13.6
ROBN,bb_high_pct,25,-20,30,11,1491928,72.7,13.58
PTIR,breakout20_bull,20,-20,30,13,1490662,76.9,11.48
NVDL,mom20_rsi,20,-15,20,24,1486780,62.5,6.2
PTIR,breakout20_bull,25,-15,20,13,1485423,69.2,11.44
NVDL,all_green,25,-15,20,12,1481966,75.0,12.36
PTIR,bb_macd_vol,20,-15,20,12,1481643,75.0,12.36
ROBN,macd_positive_rsi,12,-10,15,15,1481313,73.3,9.89
IREN,breakout_macd_adx,12,-10,15,13,1479282,84.6,11.39
CONL,adx_trend_up,25,-15,20,13,1477993,61.5,11.38
PTIR,bb_high_pct_vol,20,-15,20,10,1477397,80.0,14.79
CONL,all_green,15,-20,30,22,1476930,68.2,6.72
NVDL,breakout_macd_adx,30,-20,45,8,1475243,75.0,18.46
PTIR,breakout10_bull,20,-15,20,15,1472060,60.0,9.82
CONL,triple_align_vol,30,-20,45,12,1460661,58.3,12.18
PTIR,bb_squeeze_break,15,-10,20,24,1459580,62.5,6.09
NVDL,breakout10_rsi,20,-15,20,19,1458010,63.2,7.68
CONL,bb_macd_vol,12,-10,15,45,1457881,53.3,3.24
ROBN,triple_ma_align,30,-20,45,7,1450591,71.4,20.74
NVDL,vol_high_break,25,-20,30,8,1448682,87.5,18.13
AMDL,bb_mid_up,30,-20,45,12,1446450,58.3,12.07
NVDL,dual_mom_rsi,12,-10,15,34,1440835,64.7,4.24
NVDL,macd_positive_rsi,20,-15,20,24,1437871,62.5,6.0
ROBN,breakout10_rsi,25,-20,30,7,1434261,85.7,20.51
ROBN,breakout10_bull,25,-20,30,7,1434261,85.7,20.51
IREN,adx_trend_up,12,-10,15,19,1430701,73.7,7.54
PTIR,macd_cross_bull,30,-20,45,6,1430360,66.7,23.86
CONL,breakout_macd_adx,30,-20,45,11,1428197,63.6,13.0
PTIR,breakout10_rsi,15,-10,20,18,1423729,61.1,7.92
CONL,breakout_macd_adx,20,-20,30,12,1421943,75.0,11.86
CONL,mom20_rsi,12,-10,15,52,1421899,51.9,2.74
ROBN,macd_hist_grow,25,-15,20,11,1420548,63.6,12.93
IREN,bb_mid_up,12,-10,15,23,1418844,60.9,6.18
AMDL,mom20_rsi,25,-15,20,16,1417830,62.5,8.87
NVDL,bb_mid_up,25,-15,20,20,1416013,70.0,7.09
NVDL,all_green,20,-15,20,13,1412374,69.2,10.88
PTIR,breakout10_rsi,12,-10,15,18,1411536,66.7,7.85
CONL,adx_trend_up,25,-20,30,10,1410960,70.0,14.12
ROBN,bb_high_pct,15,-10,20,16,1407903,62.5,8.81
IREN,bb_mid_up,20,-20,30,15,1406553,66.7,9.39
ROBN,macd_positive_rsi,15,-10,20,12,1406421,66.7,11.73
NVDL,vol_high_break,20,-20,30,8,1405289,87.5,17.58
CONL,bb_lower_bounce,25,-20,30,29,1405194,55.2,4.85
ROBN,bb_high_pct,12,-10,15,20,1403939,65.0,7.03
NVDL,all_green,15,-10,20,15,1401233,73.3,9.35
PTIR,bb_high_pct_vol,25,-15,20,10,1400246,80.0,14.02
CONL,bb_lower_bounce,30,-20,45,29,1392228,51.7,4.81
ROBN,dual_mom_rsi,15,-10,20,12,1382507,66.7,11.53
NVDL,breakout10_bull,15,-10,20,22,1380214,63.6,6.28
IREN,vol_surge_rsi,15,-10,20,24,1379413,58.3,5.75
CONL,triple_align_vol,25,-15,20,13,1377501,61.5,10.61
ROBN,bb_high_pct,25,-15,20,12,1377442,66.7,11.49
NVDL,bb_mid_up,30,-20,45,15,1376182,66.7,9.18
PTIR,triple_align_vol,25,-20,30,6,1375945,83.3,22.96
CONL,vol_high_break,12,-10,15,18,1374957,66.7,7.65
NVDL,bb_mid_up,15,-10,20,24,1372398,62.5,5.72
NVDL,bb_mid_up,20,-15,20,22,1371529,68.2,6.24
NVDL,adx_di_cross,20,-20,30,24,1368634,62.5,5.71
AMDL,vol_surge_rsi,30,-20,45,6,1364950,83.3,22.77
ROBN,bb_high_pct,15,-20,30,13,1364346,76.9,10.51
NVDL,mom20_rsi,12,-10,15,33,1363576,66.7,4.14
CONL,triple_ma_align,30,-20,45,17,1360179,52.9,8.01
ROBN,mom20_rsi,12,-10,15,18,1359654,66.7,7.56
NVDL,bb_mid_up,25,-20,30,18,1354516,66.7,7.53
ROBN,macd_hist_grow,20,-15,20,12,1354406,66.7,11.3
PTIR,triple_ma_align,25,-20,30,11,1351675,72.7,12.3
PTIR,breakout10_bull,25,-15,20,15,1351579,60.0,9.02
ROBN,bb_squeeze_break,30,-20,45,7,1351417,71.4,19.33
ROBN,macd_hist_grow,12,-10,15,18,1349557,66.7,7.51
PTIR,breakout10_rsi,20,-15,20,15,1348590,60.0,9.0
MSTU,bb_high_pct,12,-10,15,22,1348381,59.1,6.14
ROBN,bb_high_pct,20,-20,30,12,1344260,75.0,11.21
CONL,bb_lower_bounce,12,-10,15,30,1343996,60.0,4.48
PTIR,dual_mom_rsi,25,-15,20,15,1342429,60.0,8.96
PTIR,triple_align_vol,20,-20,30,6,1340009,83.3,22.36
NVDL,adx_di_cross,12,-10,15,39,1338206,64.1,3.43
NVDL,all_green,20,-20,30,12,1337961,75.0,11.16
ROBN,breakout10_rsi,20,-20,30,7,1333836,85.7,19.07
ROBN,breakout10_bull,20,-20,30,7,1333836,85.7,19.07
NVDL,adx_trend_up,20,-15,20,9,1333819,88.9,14.84
NVDL,bb_mid_up,12,-10,15,28,1332386,60.7,4.76
IREN,breakout_macd_adx,20,-15,20,12,1332021,75.0,11.11
ROBN,triple_ma_align,25,-20,30,7,1330417,85.7,19.02
PTIR,bb_high_pct_vol,15,-10,20,13,1329604,69.2,10.24
NVDL,breakout10_bull,20,-15,20,19,1328997,57.9,7.0
ROBN,bb_squeeze_break,20,-20,30,7,1321215,85.7,18.89
ROBN,adx_di_cross,20,-15,20,10,1310431,70.0,13.12
CONL,triple_ma_align,20,-15,20,21,1306732,57.1,6.23
ROBN,dual_mom_rsi,20,-15,20,10,1306129,70.0,13.07
AMDL,macd_positive_rsi,20,-20,30,16,1305505,62.5,8.17
NVDL,vol_high_break,25,-15,20,8,1304668,87.5,16.32
IREN,triple_align_vol,12,-10,15,21,1303091,71.4,6.21
IREN,adx_trend_up,15,-20,30,15,1300267,73.3,8.68
CONL,all_green,25,-20,30,16,1299585,56.2,8.13
NVDL,vol_surge_up,25,-20,30,11,1298506,63.6,11.82
NVDL,vol_surge_rsi,25,-20,30,11,1298506,63.6,11.82
CONL,all_green,20,-20,30,19,1295938,63.2,6.83
NVDL,breakout20_bull,20,-15,20,16,1294046,62.5,8.1
ROBN,dual_mom_rsi,12,-10,15,16,1292602,68.8,8.09
ROBN,triple_ma_align,20,-20,30,8,1292434,87.5,16.17
NVDL,triple_ma_align,12,-10,15,29,1292002,62.1,4.46
NVDL,bb_mid_up,15,-20,30,23,1290284,69.6,5.62
ROBN,triple_ma_align,15,-20,30,9,1286624,88.9,14.31
IREN,macd_cross_bull,20,-20,30,5,1284405,100.0,25.71
PTIR,triple_ma_align,30,-20,45,9,1283204,66.7,14.27
ROBN,bb_squeeze_break,25,-20,30,7,1282560,85.7,18.34
AMDL,macd_positive_rsi,15,-20,30,16,1280481,62.5,8.01
ROBN,macd_hist_grow,15,-10,20,15,1274665,60.0,8.51
NVDL,breakout_macd_adx,25,-15,20,10,1269247,70.0,12.71
ROBN,breakout20_bull,20,-20,30,6,1266435,83.3,21.13
ROBN,breakout20_bull,25,-20,30,6,1266435,83.3,21.13
NVDL,vol_surge_rsi,25,-15,20,11,1264596,72.7,11.51
NVDL,vol_surge_up,25,-15,20,11,1264596,72.7,11.51
AMDL,mom20_rsi,15,-20,30,14,1264306,64.3,9.04
PTIR,macd_cross_bull,25,-20,30,7,1263405,57.1,18.07
IREN,vol_surge_up,25,-15,20,23,1262959,56.5,5.5
PTIR,triple_ma_align,20,-15,20,12,1258316,75.0,10.5
PTIR,breakout20_bull,12,-10,15,15,1256188,66.7,8.38
NVDL,vol_surge_up,15,-10,20,12,1256140,75.0,10.48
NVDL,vol_surge_rsi,15,-10,20,12,1256140,75.0,10.48
NVDL,breakout20_bull,15,-10,20,18,1255903,66.7,6.98
PTIR,triple_ma_align,20,-20,30,11,1255138,72.7,11.42
CONL,adx_trend_up,30,-20,45,10,1247560,60.0,12.49
CONL,breakout_macd_adx,15,-10,20,14,1245121,64.3,8.9
AMDL,bb_macd_vol,15,-20,30,16,1245115,62.5,7.79
ROBN,vol_surge_rsi,30,-20,45,5,1242082,80.0,24.87
ROBN,vol_surge_up,30,-20,45,5,1242082,80.0,24.87
CONL,triple_ma_align,20,-20,30,20,1236193,60.0,6.19
PTIR,breakout10_rsi,25,-15,20,15,1228109,60.0,8.2
AMDL,mom20_rsi,20,-20,30,14,1225469,57.1,8.76
CONL,bb_lower_bounce,25,-15,20,29,1225423,55.2,4.23
AMDL,breakout20_bull,15,-20,30,9,1223720,77.8,13.61
ROBN,bb_squeeze_break,15,-10,20,11,1223633,63.6,11.14
MSTU,macd_hist_grow,15,-10,20,21,1222422,52.4,5.83
CONL,triple_ma_align,25,-15,20,21,1220111,52.4,5.82
NVDL,vol_surge_up,12,-10,15,14,1217658,78.6,8.71
NVDL,vol_surge_rsi,12,-10,15,14,1217658,78.6,8.71
NVDL,dual_mom_rsi,20,-15,20,25,1216415,56.0,4.87
PTIR,triple_align_vol,25,-15,20,6,1215796,83.3,20.28
NVDL,bb_squeeze_break,25,-20,30,20,1215568,65.0,6.08
AMDL,bb_high_pct_vol,25,-20,30,12,1213977,58.3,10.13
CONL,bb_mid_up,25,-15,20,22,1213701,50.0,5.52
NVDL,adx_trend_up,25,-15,20,8,1211022,87.5,15.15
MSTU,adx_di_cross,12,-10,15,26,1210872,57.7,4.66
NVDL,vol_high_break,15,-20,30,8,1210715,87.5,15.15
AMDL,bb_high_pct_vol,15,-20,30,14,1207075,64.3,8.63
NVDL,all_green,12,-10,15,18,1206639,72.2,6.71
NVDL,vol_high_break,30,-20,45,8,1196598,87.5,14.97
NVDL,adx_trend_up,30,-20,45,7,1196459,71.4,17.11
NVDL,bb_lower_bounce,15,-10,20,19,1195706,63.2,6.3
AMDL,dual_mom_rsi,15,-20,30,16,1192593,62.5,7.46
AMDL,mom20_rsi,25,-20,30,13,1191391,53.8,9.17
NVDL,breakout10_bull,12,-10,15,24,1190794,62.5,4.97
IREN,triple_align_vol,15,-20,30,16,1190339,68.8,7.45
NVDL,breakout20_bull,12,-10,15,19,1187646,68.4,6.26
CONL,triple_ma_align,25,-20,30,17,1186879,52.9,6.99
IREN,bb_mid_up,15,-10,20,23,1185623,56.5,5.16
PTIR,breakout20_bull,20,-15,20,14,1183816,64.3,8.46
NVDL,bb_squeeze_break,25,-15,20,25,1182690,56.0,4.74
AMDL,dual_mom_rsi,20,-20,30,16,1181832,56.2,7.39
AMDL,bb_macd_vol,25,-15,20,16,1179914,50.0,7.38
PTIR,triple_align_vol,20,-15,20,6,1179861,83.3,19.68
PTIR,triple_ma_align,25,-15,20,13,1179389,69.2,9.08
AMDL,breakout10_rsi,20,-20,30,9,1178418,66.7,13.11
NVDL,bb_squeeze_break,20,-20,30,22,1175851,68.2,5.35
CONL,triple_ma_align,15,-20,30,22,1171754,63.6,5.33
NVDL,adx_di_cross,20,-15,20,29,1171388,55.2,4.04
ROBN,bb_mid_up,25,-15,20,9,1168374,66.7,12.99
MSTU,macd_positive_rsi,12,-10,15,21,1167141,57.1,5.56
MSTU,breakout20_bull,20,-20,30,5,1166083,100.0,23.34
MSTU,breakout20_bull,20,-15,20,5,1166083,100.0,23.34
ROBN,breakout10_bull,25,-15,20,8,1159475,75.0,14.51
CONL,breakout_macd_adx,25,-20,30,12,1158378,66.7,9.66
ROBN,bb_mid_up,30,-20,45,8,1158026,62.5,14.49
ROBN,breakout10_rsi,25,-15,20,8,1155173,75.0,14.45
PTIR,adx_strong,15,-20,30,5,1154539,100.0,23.11
CONL,triple_align_vol,15,-10,20,15,1151853,53.3,7.69
NVDL,adx_trend_up,15,-20,30,13,1151493,84.6,8.87
NVDL,all_green,25,-20,30,11,1151358,63.6,10.48
NVDL,dual_mom_rsi,20,-20,30,22,1149782,59.1,5.23
ROBN,triple_ma_align,25,-15,20,8,1144385,75.0,14.32
NVDL,adx_trend_up,20,-20,30,8,1141852,87.5,14.29
ROBN,bb_high_pct,20,-15,20,13,1141513,61.5,8.79
AMDL,macd_hist_grow,20,-20,30,18,1141250,55.6,6.35
IREN,adx_trend_up,20,-15,20,14,1138828,64.3,8.14
MSTU,bb_squeeze_break,12,-10,15,25,1136969,56.0,4.55
NVDL,breakout_macd_adx,20,-20,30,11,1133485,72.7,10.31
IREN,vol_high_break,20,-15,20,21,1133038,57.1,5.4
AMDL,bb_high_pct_vol,20,-20,30,14,1128324,64.3,8.07
ROBN,triple_ma_align,15,-10,20,11,1127993,72.7,10.26
NVDL,macd_positive_rsi,12,-10,15,34,1123493,61.8,3.31
NVDL,adx_trend_up,25,-20,30,7,1119675,85.7,16.01
ROBN,macd_positive_rsi,20,-15,20,11,1118387,63.6,10.18
CONL,breakout_macd_adx,12,-10,15,14,1115171,64.3,7.97
NVDL,adx_strong,15,-20,30,7,1114696,100.0,15.94
NVDL,breakout10_rsi,12,-10,15,24,1112444,62.5,4.64
NVDL,bb_mid_up,20,-20,30,19,1112360,63.2,5.86
CONL,triple_ma_align,15,-10,20,27,1110268,51.9,4.12
IREN,macd_cross_bull,12,-10,15,7,1106574,100.0,15.82
AMDL,macd_positive_rsi,15,-10,20,22,1106312,54.5,5.03
AMDL,breakout20_bull,20,-20,30,8,1104253,62.5,13.82
PTIR,vol_high_break,15,-20,30,6,1102203,100.0,18.39
AMDL,bb_lower_bounce,25,-20,30,15,1101962,40.0,7.35
AMDL,bb_lower_bounce,30,-20,45,15,1101333,33.3,7.35
ROBN,mom20_rsi,25,-15,20,9,1100024,77.8,12.23
ROBN,breakout10_bull,30,-20,45,6,1098762,66.7,18.33
ROBN,breakout10_rsi,30,-20,45,6,1098762,66.7,18.33
PTIR,all_green,30,-20,45,6,1090699,66.7,18.2
ROBN,breakout10_rsi,15,-20,30,8,1088126,87.5,13.62
ROBN,breakout10_bull,15,-20,30,8,1088126,87.5,13.62
PTIR,adx_trend_up,15,-20,30,7,1087711,85.7,15.55
AMDL,adx_di_cross,20,-20,30,18,1084432,55.6,6.03
AMDL,vol_surge_rsi,25,-20,30,6,1084175,66.7,18.09
AMDL,bb_macd_vol,20,-20,30,15,1083050,60.0,7.23
NVDL,vol_surge_up,30,-20,45,10,1078679,70.0,10.8
NVDL,vol_surge_rsi,30,-20,45,10,1078679,70.0,10.8
CONL,bb_mid_up,20,-15,20,26,1078350,53.8,4.15
PTIR,bb_lower_bounce,30,-20,45,10,1076321,60.0,10.77
CONL,vol_high_break,25,-15,20,16,1076190,50.0,6.73
CONL,breakout20_bull,15,-10,20,23,1073751,47.8,4.67
PTIR,adx_trend_up,30,-20,45,5,1073433,80.0,21.49
PTIR,adx_trend_up,25,-20,30,5,1073433,80.0,21.49
PTIR,adx_trend_up,20,-20,30,5,1073433,80.0,21.49
NVDL,vol_high_break,20,-15,20,8,1072840,87.5,13.42
MSTU,breakout20_bull,15,-20,30,5,1070001,100.0,21.42
PTIR,triple_ma_align,15,-10,20,18,1068153,61.1,5.94
CONL,adx_strong,25,-20,30,7,1066241,71.4,15.25
CONL,adx_strong,25,-15,20,7,1066241,71.4,15.25
NVDL,vol_surge_up,15,-20,30,12,1064718,75.0,8.88
NVDL,vol_surge_rsi,15,-20,30,12,1064718,75.0,8.88
MSTU,bb_high_pct_vol,12,-10,15,14,1062672,57.1,7.6
AMDL,breakout10_rsi,15,-20,30,11,1062225,72.7,9.67
CONL,dual_mom_rsi,12,-10,15,45,1060014,48.9,2.36
ROBN,breakout10_bull,20,-15,20,8,1059049,75.0,13.25
NVDL,bb_squeeze_break,15,-10,20,31,1058897,58.1,3.42
ROBN,bb_mid_up,25,-20,30,8,1057326,62.5,13.23
NVDL,breakout_macd_adx,15,-20,30,12,1057205,75.0,8.82
ROBN,breakout10_rsi,20,-15,20,8,1054747,75.0,13.2
PTIR,adx_strong,20,-20,30,4,1054416,100.0,26.39
ROBN,mom20_rsi,20,-15,20,9,1050417,66.7,11.68
ROBN,bb_macd_vol,30,-20,45,3,1047844,100.0,34.96
IREN,vol_surge_rsi,25,-15,20,20,1045728,55.0,5.23
IREN,vol_high_break,25,-15,20,21,1039376,52.4,4.95
PTIR,breakout_macd_adx,30,-20,45,4,1037952,75.0,25.97
ROBN,bb_squeeze_break,20,-15,20,9,1036170,66.7,11.52
AMDL,macd_positive_rsi,12,-10,15,24,1032499,54.2,4.31
ROBN,bb_high_pct_vol,30,-20,45,3,1031501,100.0,34.42
AMDL,macd_hist_grow,15,-20,30,18,1030618,55.6,5.73
ROBN,breakout20_bull,30,-20,45,6,1025432,66.7,17.11
NVDL,adx_trend_up,15,-10,20,13,1025131,76.9,7.89
ROBN,breakout20_bull,25,-15,20,7,1024875,85.7,14.66
ROBN,breakout20_bull,20,-15,20,7,1024875,85.7,14.66
ROBN,breakout20_bull,15,-20,30,8,1022875,87.5,12.8
NVDL,bb_squeeze_break,12,-10,15,35,1021934,62.9,2.92
AMDL,dual_mom_rsi,30,-20,45,13,1021191,53.8,7.86
AMDL,bb_mid_up,25,-15,20,13,1020325,46.2,7.86
PTIR,macd_cross_bull,12,-10,15,11,1018751,63.6,9.27
CONL,adx_strong,15,-20,30,9,1017453,77.8,11.32
NVDL,bb_lower_bounce,12,-10,15,19,1016754,63.2,5.36
PTIR,all_green,15,-20,30,9,1014541,77.8,11.28
AMDL,breakout10_rsi,25,-20,30,8,1013815,50.0,12.69
AMDL,breakout20_bull,25,-20,30,7,1012418,57.1,14.48
NVDL,vol_surge_up,20,-20,30,11,1012175,63.6,9.21
NVDL,vol_surge_rsi,20,-20,30,11,1012175,63.6,9.21
ROBN,bb_squeeze_break,12,-10,15,14,1008034,64.3,7.21
ROBN,triple_ma_align,12,-10,15,15,1005650,66.7,6.71
PTIR,all_green,20,-20,30,7,1001892,71.4,14.33
PTIR,vol_high_break,30,-20,45,4,1001005,75.0,25.05
AMDL,mom20_rsi,30,-20,45,12,998977,50.0,8.33
CONL,adx_trend_up,15,-10,20,16,996123,62.5,6.23
NVDL,vol_surge_up,20,-15,20,11,994184,72.7,9.05
NVDL,vol_surge_rsi,20,-15,20,11,994184,72.7,9.05
ROBN,breakout10_rsi,12,-10,15,9,992944,77.8,11.04
ROBN,bb_mid_up,20,-15,20,9,990712,66.7,11.02
IREN,adx_trend_up,15,-10,20,17,990230,58.8,5.83
CONL,adx_strong,30,-20,45,6,977114,66.7,16.3
ROBN,breakout10_bull,12,-10,15,9,976866,77.8,10.86
NVDL,bb_lower_bounce,25,-15,20,15,973837,66.7,6.5
AMDL,adx_di_cross,15,-20,30,18,973800,55.6,5.42
NVDL,adx_trend_up,12,-10,15,13,970960,76.9,7.48
ROBN,all_green,20,-20,30,5,969534,100.0,19.41
PTIR,adx_strong,25,-20,30,3,968033,100.0,32.3
PTIR,adx_strong,30,-20,45,3,968033,100.0,32.3
ROBN,bb_macd_vol,25,-20,30,3,965220,100.0,32.21
MSTU,macd_positive_rsi,15,-10,20,18,961912,50.0,5.35
PTIR,adx_trend_up,15,-10,20,7,960899,85.7,13.74
PTIR,macd_cross_bull,20,-20,30,7,960185,57.1,13.73
PTIR,triple_ma_align,12,-10,15,19,959734,57.9,5.06
PTIR,bb_lower_bounce,25,-15,20,11,958031,54.5,8.72
AMDL,macd_positive_rsi,25,-15,20,16,956671,50.0,5.99
MSTU,bb_squeeze_break,20,-15,20,16,949823,50.0,5.94
ROBN,bb_high_pct_vol,25,-20,30,3,948877,100.0,31.66
AMDL,vol_surge_rsi,15,-20,30,7,945057,71.4,13.51
IREN,macd_cross_bull,15,-10,20,6,943115,83.3,15.73
AMDL,bb_mid_up,15,-20,30,14,942024,57.1,6.74
PTIR,adx_strong,12,-10,15,6,940890,100.0,15.7
ROBN,triple_align_vol,30,-20,45,4,940794,75.0,23.54
PTIR,adx_trend_up,12,-10,15,8,940258,87.5,11.76
PTIR,all_green,12,-10,15,10,937731,80.0,9.39
ROBN,bb_mid_up,15,-10,20,10,937020,70.0,9.38
AMDL,bb_macd_vol,25,-20,30,13,934094,46.2,7.19
AMDL,bb_high_pct,20,-20,30,18,932854,55.6,5.19
ROBN,bb_mid_up,15,-20,30,10,930920,80.0,9.32
ROBN,all_green,25,-20,30,5,930879,100.0,18.64
PTIR,bb_lower_bounce,15,-20,30,11,930507,63.6,8.47
AMDL,vol_surge_rsi,20,-20,30,7,927773,57.1,13.27
AMDL,macd_positive_rsi,30,-20,45,13,927254,53.8,7.14
AMDL,vol_surge_rsi,25,-15,20,7,924958,57.1,13.23
AMDL,bb_mid_up,20,-15,20,13,921866,46.2,7.1
AMDL,macd_hist_grow,12,-10,15,26,919506,50.0,3.54
AMDL,bb_mid_up,25,-20,30,12,918733,50.0,7.66
ROBN,bb_squeeze_break,25,-15,20,9,915989,66.7,10.19
NVDL,breakout_macd_adx,20,-15,20,11,912372,63.6,8.3
AMDL,bb_high_pct,15,-20,30,18,907830,55.6,5.05
ROBN,bb_high_pct_vol,20,-20,30,4,905341,100.0,22.66
AMDL,vol_surge_up,30,-20,45,7,903312,57.1,12.92
NVDL,bb_lower_bounce,25,-20,30,14,903012,64.3,6.46
AMDL,vol_surge_rsi,12,-10,15,9,899677,55.6,10.01
PTIR,triple_align_vol,15,-20,30,7,889624,71.4,12.72
AMDL,vol_high_break,25,-15,20,7,887222,71.4,12.69
IREN,adx_strong,20,-20,30,8,884526,62.5,11.07
AMDL,bb_macd_vol,30,-20,45,12,882281,50.0,7.36
NVDL,bb_lower_bounce,15,-20,30,17,882268,64.7,5.2
ROBN,bb_mid_up,20,-20,30,8,879663,62.5,11.01
PTIR,bb_lower_bounce,20,-15,20,11,878602,54.5,8.0
AMDL,mom20_rsi,15,-10,20,20,876025,55.0,4.38
PTIR,bb_lower_bounce,25,-20,30,10,874671,60.0,8.76
ROBN,adx_trend_up,25,-15,20,5,874048,80.0,17.5
CONL,adx_strong,20,-20,30,9,872560,66.7,9.7
AMDL,dual_mom_rsi,25,-15,20,16,870924,50.0,5.45
AMDL,macd_positive_rsi,25,-20,30,14,870544,42.9,6.22
PTIR,bb_lower_bounce,15,-10,20,12,867907,58.3,7.24
MSTU,breakout20_bull,15,-10,20,6,864974,83.3,14.43
MSTU,dual_mom_rsi,12,-10,15,20,861815,55.0,4.31
AMDL,bb_macd_vol,12,-10,15,20,856226,50.0,4.29
NVDL,bb_squeeze_break,20,-15,20,26,852166,57.7,3.28
MSTU,breakout20_bull,30,-20,45,5,848207,60.0,16.98
CONL,breakout10_bull,25,-15,20,22,838977,45.5,3.82
CONL,breakout10_rsi,25,-15,20,22,838977,45.5,3.82
IREN,macd_cross_bull,15,-20,30,6,838112,83.3,13.98
AMDL,bb_high_pct_vol,25,-15,20,15,831919,53.3,5.55
MSTU,all_green,30,-20,45,7,830615,42.9,11.88
MSTU,bb_high_pct,15,-10,20,20,830414,45.0,4.16
AMDL,mom20_rsi,20,-15,20,18,825733,50.0,4.59
AMDL,vol_high_break,25,-20,30,7,824655,57.1,11.79
ROBN,breakout10_rsi,15,-10,20,9,824610,66.7,9.17
AMDL,vol_high_break,20,-15,20,8,822365,62.5,10.29
MSTU,breakout20_bull,25,-15,20,5,818163,80.0,16.38
AMDL,macd_hist_grow,25,-15,20,19,810704,42.1,4.27
PTIR,adx_trend_up,20,-15,20,5,809782,80.0,16.21
PTIR,adx_trend_up,25,-15,20,5,809782,80.0,16.21
ROBN,breakout10_bull,15,-10,20,9,808531,66.7,8.99
PTIR,bb_lower_bounce,12,-10,15,12,803824,58.3,6.71
AMDL,vol_high_break,20,-20,30,8,800511,62.5,10.02
ROBN,bb_macd_vol,20,-20,30,4,797609,100.0,19.96
AMDL,breakout10_rsi,25,-15,20,10,796098,60.0,7.97
ROBN,bb_macd_vol,25,-15,20,3,795904,100.0,26.56
NVDL,adx_strong,15,-10,20,7,795778,85.7,11.38
PTIR,bb_lower_bounce,20,-20,30,10,795243,60.0,7.96
CONL,adx_strong,20,-15,20,9,791034,66.7,8.8
AMDL,bb_mid_up,20,-20,30,12,788391,50.0,6.58
AMDL,mom20_rsi,12,-10,15,23,785828,47.8,3.42
ROBN,vol_surge_up,25,-20,30,5,781258,80.0,15.64
ROBN,vol_surge_rsi,25,-20,30,5,781258,80.0,15.64
MSTU,breakout_macd_adx,30,-20,45,4,781031,50.0,19.55
AMDL,triple_align_vol,20,-20,30,7,780875,71.4,11.17
ROBN,bb_high_pct_vol,25,-15,20,3,779560,100.0,26.01
IREN,macd_cross_bull,30,-20,45,5,779203,60.0,15.6
AMDL,dual_mom_rsi,25,-20,30,14,777072,50.0,5.56
PTIR,breakout20_bull,15,-10,20,15,773726,53.3,5.16
MSTU,adx_di_cross,15,-10,20,24,773616,45.8,3.23
IREN,macd_cross_bull,20,-15,20,6,772058,66.7,12.88
PTIR,all_green,25,-20,30,6,771539,66.7,12.87
MSTU,all_green,12,-10,15,12,768249,66.7,6.41
NVDL,adx_strong,25,-15,20,5,763582,80.0,15.29
ROBN,bb_high_pct_vol,15,-20,30,4,759731,100.0,19.01
NVDL,bb_lower_bounce,20,-15,20,15,755777,66.7,5.04
PTIR,vol_high_break,25,-20,30,5,754159,80.0,15.1
AMDL,dual_mom_rsi,15,-10,20,22,753877,50.0,3.43
AMDL,bb_high_pct,12,-10,15,27,753829,48.1,2.79
AMDL,triple_align_vol,15,-20,30,7,752530,71.4,10.76
IREN,triple_align_vol,15,-10,20,17,751844,52.9,4.43
MSTU,all_green,15,-10,20,9,749818,66.7,8.34
AMDL,breakout10_rsi,20,-15,20,11,745440,54.5,6.78
AMDL,breakout20_bull,25,-15,20,8,744218,50.0,9.31
AMDL,macd_hist_grow,30,-20,45,16,742754,43.8,4.65
NVDL,breakout_macd_adx,15,-10,20,12,742218,66.7,6.19
IREN,adx_strong,15,-20,30,8,741192,62.5,9.27
AMDL,breakout10_bull,20,-20,30,12,741045,50.0,6.18
PTIR,adx_strong,15,-10,20,5,737674,80.0,14.77
PTIR,all_green,15,-10,20,9,734515,66.7,8.17
AMDL,vol_surge_rsi,20,-15,20,8,734143,50.0,9.19
MSTU,macd_positive_rsi,30,-20,45,12,731333,41.7,6.1
AMDL,macd_hist_grow,15,-10,20,24,714784,45.8,2.98
AMDL,vol_surge_rsi,15,-10,20,8,714319,62.5,8.94
ROBN,breakout20_bull,15,-10,20,8,712601,62.5,8.92
NVDL,adx_strong,12,-10,15,7,711338,71.4,10.17
ROBN,all_green,30,-20,45,5,708382,60.0,14.18
AMDL,macd_hist_grow,25,-20,30,17,705387,41.2,4.15
ROBN,triple_ma_align,20,-15,20,10,705314,60.0,7.06
MSTU,vol_surge_rsi,30,-20,45,8,703592,37.5,8.8
AMDL,bb_high_pct_vol,15,-10,20,17,703066,58.8,4.14
AMDL,adx_di_cross,12,-10,15,29,700360,48.3,2.42
CONL,vol_surge_up,12,-10,15,27,698989,48.1,2.59
NVDL,adx_strong,20,-15,20,5,696902,80.0,13.95
MSTU,bb_macd_vol,12,-10,15,17,695601,58.8,4.1
NVDL,vol_high_break,15,-10,20,9,693841,77.8,7.72
AMDL,adx_di_cross,30,-20,45,16,685936,43.8,4.29
NVDL,bb_lower_bounce,20,-20,30,14,684952,64.3,4.9
AMDL,dual_mom_rsi,12,-10,15,25,683157,48.0,2.74
AMDL,macd_positive_rsi,20,-15,20,19,677514,52.6,3.57
AMDL,bb_squeeze_break,20,-20,30,17,672239,52.9,3.96
AMDL,dual_mom_rsi,20,-15,20,20,670688,45.0,3.36
MSTU,bb_squeeze_break,15,-10,20,22,669933,45.5,3.05
PTIR,macd_cross_bull,15,-10,20,10,668825,50.0,6.69
AMDL,breakout20_bull,30,-20,45,7,664990,57.1,9.51
AMDL,adx_di_cross,25,-15,20,20,663430,40.0,3.32
MSTU,breakout20_bull,25,-20,30,5,662250,60.0,13.26
AMDL,bb_mid_up,15,-10,20,15,659990,46.7,4.4
CONL,vol_surge_rsi,12,-10,15,27,657124,48.1,2.44
NVDL,adx_strong,25,-20,30,5,655538,80.0,13.12
ROBN,vol_surge_up,20,-20,30,5,655276,80.0,13.12
ROBN,vol_surge_rsi,20,-20,30,5,655276,80.0,13.12
AMDL,all_green,20,-20,30,6,654114,66.7,10.91
ROBN,breakout20_bull,12,-10,15,9,654089,77.8,7.27
PTIR,vol_high_break,20,-20,30,5,653121,80.0,13.08
ROBN,adx_trend_up,25,-20,30,5,651649,60.0,13.05
AMDL,adx_di_cross,25,-20,30,17,648569,41.2,3.82
PTIR,all_green,25,-15,20,6,647977,66.7,10.81
ROBN,adx_trend_up,30,-20,45,5,647631,60.0,12.97
AMDL,bb_squeeze_break,15,-20,30,18,647178,55.6,3.6
ROBN,all_green,15,-20,30,6,644666,83.3,10.76
ROBN,bb_high_pct_vol,12,-10,15,5,644272,100.0,12.9
AMDL,breakout_macd_adx,20,-20,30,4,638229,75.0,15.97
PTIR,adx_strong,20,-15,20,4,637551,75.0,15.95
PTIR,macd_cross_bull,20,-15,20,9,636339,44.4,7.08
AMDL,bb_high_pct,30,-20,45,14,629824,42.9,4.5
ROBN,vol_surge_rsi,25,-15,20,5,628537,60.0,12.58
ROBN,vol_surge_up,25,-15,20,5,628537,60.0,12.58
ROBN,bb_macd_vol,15,-20,30,4,627695,100.0,15.71
AMDL,breakout10_bull,15,-20,30,14,624853,57.1,4.47
MSTU,macd_positive_rsi,20,-15,20,15,624405,46.7,4.17
MSTU,dual_mom_rsi,15,-10,20,16,622196,43.8,3.89
AMDL,vol_high_break,30,-20,45,6,615897,50.0,10.28
MSTU,adx_strong,12,-10,15,3,609966,100.0,20.35
AMDL,breakout20_bull,20,-15,20,10,609420,50.0,6.1
MSTU,macd_hist_grow,30,-20,45,13,603897,38.5,4.65
AMDL,vol_high_break,15,-10,20,9,602323,66.7,6.7
AMDL,bb_macd_vol,20,-15,20,18,601736,50.0,3.35
PTIR,macd_cross_bull,25,-15,20,9,601072,44.4,6.69
AMDL,bb_squeeze_break,30,-20,45,14,590818,50.0,4.22
NVDL,adx_strong,20,-20,30,5,588859,80.0,11.79
MSTU,breakout10_rsi,20,-15,20,8,586796,62.5,7.34
PTIR,all_green,20,-15,20,7,585027,57.1,8.37
IREN,adx_trend_up,25,-15,20,13,576818,53.8,4.44
AMDL,breakout10_bull,25,-20,30,11,576442,36.4,5.25
CONL,breakout10_rsi,12,-10,15,28,575860,50.0,2.06
CONL,breakout10_bull,12,-10,15,28,575860,50.0,2.06
AMDL,bb_lower_bounce,20,-20,30,15,575327,40.0,3.84
ROBN,bb_mid_up,12,-10,15,10,574969,70.0,5.76
ROBN,bb_macd_vol,12,-10,15,4,574586,100.0,14.38
CONL,macd_cross_bull,15,-10,20,4,568208,50.0,14.22
CONL,macd_cross_bull,25,-15,20,4,568208,50.0,14.22
CONL,macd_cross_bull,20,-15,20,4,568208,50.0,14.22
AMDL,bb_high_pct_vol,30,-20,45,10,567453,50.0,5.68
AMDL,bb_macd_vol,15,-10,20,19,564268,47.4,2.97
ROBN,bb_high_pct_vol,15,-10,20,4,559547,75.0,14.0
NVDL,macd_cross_bull,15,-10,20,8,550948,62.5,6.89
NVDL,vol_high_break,12,-10,15,10,549752,80.0,5.5
AMDL,vol_high_break,12,-10,15,9,548875,55.6,6.1
MSTU,macd_hist_grow,20,-15,20,17,543630,47.1,3.2
PTIR,triple_align_vol,12,-10,15,9,542105,55.6,6.03
ROBN,adx_trend_up,12,-10,15,6,538827,83.3,8.99
MSTU,breakout10_rsi,20,-20,30,8,537107,62.5,6.72
CONL,adx_trend_up,12,-10,15,20,535734,60.0,2.68
AMDL,adx_di_cross,15,-10,20,25,533005,44.0,2.13
AMDL,vol_high_break,15,-20,30,9,532859,66.7,5.93
AMDL,vol_surge_up,15,-10,20,10,529421,60.0,5.3
NVDL,breakout_macd_adx,12,-10,15,13,526972,69.2,4.06
MSTU,dual_mom_rsi,25,-15,20,14,525524,42.9,3.76
IREN,adx_strong,12,-10,15,10,522698,60.0,5.23
MSTU,mom20_rsi,20,-15,20,18,521482,44.4,2.9
MSTU,macd_hist_grow,25,-15,20,16,517843,43.8,3.24
ROBN,bb_lower_bounce,20,-20,30,15,517211,46.7,3.45
ROBN,bb_lower_bounce,25,-20,30,15,517211,46.7,3.45
ROBN,bb_lower_bounce,30,-20,45,15,517211,46.7,3.45
ROBN,adx_trend_up,20,-20,30,5,516801,80.0,10.35
ROBN,vol_surge_up,15,-20,30,5,514332,80.0,10.3
ROBN,vol_surge_rsi,15,-20,30,5,514332,80.0,10.3
IREN,adx_strong,30,-20,45,8,506606,50.0,6.34
MSTU,breakout20_bull,12,-10,15,7,505626,71.4,7.23
AMDL,bb_lower_bounce,25,-15,20,16,504064,43.8,3.15
CONL,adx_strong,15,-10,20,10,503560,60.0,5.04
AMDL,vol_surge_up,15,-20,30,9,503060,55.6,5.6
AMDL,bb_high_pct,25,-15,20,20,502974,40.0,2.52
ROBN,vol_surge_rsi,20,-15,20,5,502556,60.0,10.06
ROBN,vol_surge_up,20,-15,20,5,502556,60.0,10.06
IREN,adx_strong,25,-20,30,8,502452,50.0,6.29
AMDL,all_green,15,-20,30,6,499813,66.7,8.34
AMDL,bb_high_pct,25,-20,30,16,496956,37.5,3.11
ROBN,bb_high_pct_vol,20,-15,20,4,492452,75.0,12.32
AMDL,vol_surge_up,20,-20,30,9,489193,44.4,5.44
AMDL,vol_surge_up,25,-20,30,9,489193,44.4,5.44
AMDL,macd_hist_grow,20,-15,20,22,486406,45.5,2.21
NVDL,macd_cross_bull,30,-20,45,6,481620,50.0,8.04
MSTU,breakout_macd_adx,20,-20,30,4,476203,75.0,11.92
MSTU,breakout_macd_adx,20,-15,20,4,476203,75.0,11.92
MSTU,dual_mom_rsi,20,-15,20,16,473621,43.8,2.96
AMDL,bb_mid_up,12,-10,15,17,465319,52.9,2.74
MSTU,bb_high_pct_vol,15,-10,20,13,458995,38.5,3.53
ROBN,adx_trend_up,15,-20,30,5,458987,80.0,9.19
AMDL,bb_high_pct,15,-10,20,25,457889,44.0,1.83
CONL,adx_strong,12,-10,15,12,456351,66.7,3.81
AMDL,bb_lower_bounce,20,-15,20,16,456071,43.8,2.85
MSTU,bb_high_pct,20,-15,20,18,455899,44.4,2.54
ROBN,triple_align_vol,25,-20,30,4,453339,75.0,11.34
CONL,macd_cross_bull,30,-20,45,4,452759,50.0,11.33
CONL,macd_cross_bull,20,-20,30,4,452759,50.0,11.33
CONL,macd_cross_bull,15,-20,30,4,452759,50.0,11.33
CONL,macd_cross_bull,25,-20,30,4,452759,50.0,11.33
AMDL,vol_surge_up,12,-10,15,11,452454,36.4,4.12
IREN,macd_cross_bull,25,-20,30,5,452159,60.0,9.05
AMDL,triple_ma_align,20,-20,30,8,451792,62.5,5.65
IREN,adx_strong,25,-15,20,8,449269,50.0,5.62
IREN,adx_strong,20,-15,20,8,449269,50.0,5.62
CONL,triple_align_vol,12,-10,15,17,448604,58.8,2.64
IREN,adx_strong,15,-10,20,10,448006,50.0,4.48
AMDL,adx_trend_up,20,-20,30,4,445041,75.0,11.14
ROBN,all_green,12,-10,15,8,443765,75.0,5.55
AMDL,triple_align_vol,20,-15,20,7,442260,57.1,6.32
MSTU,mom20_rsi,12,-10,15,23,441142,47.8,1.92
MSTU,breakout10_rsi,15,-20,30,8,441026,62.5,5.52
MSTU,macd_positive_rsi,25,-15,20,14,440458,42.9,3.15
AMDL,breakout10_rsi,30,-20,45,8,434504,50.0,5.44
PTIR,triple_align_vol,15,-10,20,8,434251,50.0,5.43
AMDL,vol_surge_up,25,-15,20,10,432282,50.0,4.33
AMDL,vol_surge_up,20,-15,20,10,432282,50.0,4.33
ROBN,bb_macd_vol,15,-10,20,4,427512,75.0,10.7
AMDL,breakout_macd_adx,15,-20,30,5,424366,60.0,8.5
AMDL,bb_lower_bounce,15,-10,20,17,422271,47.1,2.49
NVDL,bb_lower_bounce,30,-20,45,14,421152,50.0,3.01
ROBN,all_green,15,-10,20,6,420878,66.7,7.02
ROBN,vol_surge_up,15,-10,20,5,418259,60.0,8.37
ROBN,vol_surge_rsi,15,-10,20,5,418259,60.0,8.37
PTIR,breakout_macd_adx,20,-15,20,5,416227,60.0,8.33
NVDL,macd_cross_bull,12,-10,15,8,414907,62.5,5.19
MSTU,adx_trend_up,12,-10,15,7,413729,57.1,5.92
ROBN,bb_lower_bounce,15,-20,30,15,408338,46.7,2.72
MSTU,adx_di_cross,20,-15,20,20,404739,45.0,2.03
AMDL,triple_align_vol,25,-15,20,7,396512,57.1,5.67
NVDL,macd_cross_bull,15,-20,30,7,396399,71.4,5.67
AMDL,triple_ma_align,15,-20,30,8,395330,62.5,4.95
MSTU,breakout10_bull,15,-10,20,11,390332,54.5,3.55
AMDL,bb_lower_bounce,12,-10,15,17,389950,47.1,2.3
AMDL,breakout10_bull,20,-15,20,14,386790,42.9,2.77
ROBN,bb_macd_vol,20,-15,20,4,384720,75.0,9.63
PTIR,breakout_macd_adx,25,-15,20,5,380959,60.0,7.63
MSTU,breakout_macd_adx,12,-10,15,4,380122,75.0,9.51
MSTU,breakout_macd_adx,15,-10,20,4,380122,75.0,9.51
MSTU,breakout_macd_adx,15,-20,30,4,380122,75.0,9.51
AMDL,adx_trend_up,15,-20,30,4,378821,75.0,9.48
MSTU,adx_di_cross,25,-15,20,19,377890,42.1,1.99
MSTU,breakout10_rsi,15,-10,20,9,377751,55.6,4.2
ROBN,bb_lower_bounce,20,-15,20,16,377489,43.8,2.36
ROBN,bb_lower_bounce,25,-15,20,16,377489,43.8,2.36
AMDL,adx_trend_up,25,-20,30,4,376125,75.0,9.41
PTIR,breakout_macd_adx,25,-20,30,5,373244,60.0,7.47
AMDL,breakout10_bull,25,-15,20,13,372770,46.2,2.87
MSTU,breakout10_bull,12,-10,15,11,368974,54.5,3.36
ROBN,vol_high_break,12,-10,15,3,368835,100.0,12.31
MSTU,all_green,20,-15,20,8,366453,62.5,4.59
MSTU,vol_surge_rsi,25,-15,20,8,360740,50.0,4.51
MSTU,vol_surge_up,30,-20,45,9,355098,33.3,3.95
AMDL,bb_high_pct_vol,20,-15,20,16,354447,56.2,2.22
AMDL,bb_lower_bounce,15,-20,30,15,353557,40.0,2.36
ROBN,triple_align_vol,20,-20,30,4,349167,75.0,8.74
PTIR,adx_strong,25,-15,20,3,343996,66.7,11.48
MSTU,bb_mid_up,25,-20,30,10,343349,40.0,3.44
NVDL,macd_cross_bull,25,-15,20,8,342849,50.0,4.29
MSTU,dual_mom_rsi,30,-20,45,12,340597,41.7,2.84
AMDL,all_green,20,-15,20,8,339134,50.0,4.24
AMDL,adx_di_cross,20,-15,20,23,339132,43.5,1.48
MSTU,bb_macd_vol,15,-10,20,15,337805,46.7,2.25
AMDL,all_green,25,-15,20,7,323207,42.9,4.62
ROBN,breakout_macd_adx,15,-20,30,4,322834,75.0,8.08
ROBN,all_green,20,-15,20,5,322064,60.0,6.45
ROBN,adx_trend_up,20,-15,20,5,318972,60.0,6.39
MSTU,bb_squeeze_break,25,-15,20,15,316141,40.0,2.11
ROBN,bb_lower_bounce,15,-10,20,16,303185,43.8,1.9
ROBN,bb_lower_bounce,12,-10,15,16,303185,43.8,1.9
MSTU,adx_di_cross,30,-20,45,14,294433,35.7,2.11
AMDL,triple_align_vol,25,-20,30,5,293090,60.0,5.87
AMDL,bb_squeeze_break,25,-15,20,18,292216,44.4,1.63
MSTU,adx_trend_up,15,-10,20,6,289146,50.0,4.82
AMDL,triple_ma_align,25,-15,20,10,289056,50.0,2.89
NVDL,macd_cross_bull,25,-20,30,7,286025,57.1,4.09
PTIR,breakout_macd_adx,20,-20,30,5,284950,60.0,5.7
ROBN,adx_trend_up,15,-10,20,5,282723,60.0,5.66
MSTU,breakout_macd_adx,25,-20,30,4,269971,50.0,6.76
MSTU,breakout_macd_adx,25,-15,20,4,269971,50.0,6.76
MSTU,bb_high_pct,25,-15,20,16,266554,37.5,1.67
NVDL,macd_cross_bull,20,-15,20,8,266408,50.0,3.33
MSTU,macd_positive_rsi,25,-20,30,14,264564,42.9,1.89
AMDL,triple_ma_align,25,-20,30,7,263650,57.1,3.77
AMDL,all_green,25,-20,30,5,261267,40.0,5.23
AMDL,bb_high_pct_vol,12,-10,15,19,256409,42.1,1.35
AMDL,all_green,15,-10,20,10,255234,50.0,2.55
ROBN,breakout_macd_adx,20,-20,30,3,254568,66.7,8.49
ROBN,breakout_macd_adx,25,-20,30,3,254568,66.7,8.49
NVDL,macd_cross_bull,20,-20,30,7,252231,57.1,3.61
AMDL,bb_squeeze_break,12,-10,15,25,251244,44.0,1.01
MSTU,adx_strong,15,-20,30,3,242441,66.7,8.09
MSTU,adx_strong,20,-20,30,3,242441,66.7,8.09
MSTU,adx_strong,20,-15,20,3,242441,66.7,8.09
MSTU,adx_strong,15,-10,20,3,242441,66.7,8.09
MSTU,breakout10_rsi,25,-15,20,8,238877,50.0,2.99
AMDL,bb_squeeze_break,20,-15,20,21,238289,47.6,1.14
PTIR,breakout_macd_adx,15,-20,30,5,237783,60.0,4.76
AMDL,bb_squeeze_break,25,-20,30,16,236375,37.5,1.48
ROBN,breakout_macd_adx,15,-10,20,4,234791,75.0,5.88
MSTU,mom20_rsi,15,-10,20,21,232732,38.1,1.11
PTIR,vol_high_break,15,-10,20,7,232047,57.1,3.32
PTIR,vol_high_break,12,-10,15,7,232047,57.1,3.32
MSTU,breakout10_rsi,30,-20,45,8,219232,37.5,2.74
MSTU,vol_high_break,15,-10,20,6,218234,50.0,3.64
MSTU,vol_high_break,12,-10,15,6,218234,50.0,3.64
AMDL,adx_trend_up,25,-15,20,5,209410,40.0,4.19
MSTU,mom20_rsi,25,-15,20,15,208961,40.0,1.39
ROBN,triple_align_vol,15,-20,30,4,203557,75.0,5.09
ROBN,breakout_macd_adx,12,-10,15,4,202100,75.0,5.06
ROBN,all_green,25,-15,20,5,201883,60.0,4.04
AMDL,triple_align_vol,15,-10,20,8,201071,50.0,2.52
AMDL,bb_high_pct,20,-15,20,23,198844,43.5,0.87
MSTU,all_green,20,-20,30,8,188044,50.0,2.35
MSTU,all_green,15,-20,30,8,188044,50.0,2.35
AMDL,bb_squeeze_break,15,-10,20,23,186252,43.5,0.81
PTIR,vol_high_break,20,-15,20,6,183484,50.0,3.06
MSTU,vol_surge_up,25,-15,20,9,182782,44.4,2.03
MSTU,adx_trend_up,20,-15,20,6,181356,50.0,3.03
AMDL,breakout10_bull,30,-20,45,10,181291,40.0,1.81
MSTU,bb_squeeze_break,20,-20,30,15,178058,46.7,1.19
AMDL,breakout10_rsi,15,-10,20,13,175181,53.8,1.35
AMDL,all_green,12,-10,15,10,174336,50.0,1.75
MSTU,dual_mom_rsi,25,-20,30,14,172964,42.9,1.24
MSTU,macd_hist_grow,25,-20,30,16,169631,43.8,1.06
MSTU,bb_high_pct_vol,25,-20,30,12,157534,41.7,1.31
ROBN,vol_surge_rsi,12,-10,15,5,155128,60.0,3.11
ROBN,vol_surge_up,12,-10,15,5,155128,60.0,3.11
MSTU,macd_positive_rsi,20,-20,30,14,149852,42.9,1.07
AMDL,breakout_macd_adx,25,-20,30,4,147196,25.0,3.68
NVDL,adx_strong,30,-20,45,5,145792,40.0,2.92
MSTU,adx_di_cross,15,-20,30,20,134003,50.0,0.67
MSTU,breakout10_bull,20,-15,20,10,133177,50.0,1.33
ROBN,triple_align_vol,25,-15,20,4,131302,50.0,3.29
MSTU,vol_high_break,20,-15,20,6,129637,50.0,2.16
MSTU,breakout10_bull,15,-20,30,10,126875,60.0,1.27
IREN,bb_lower_bounce,25,-15,20,9,124091,55.6,1.38
CONL,macd_cross_bull,12,-10,15,4,123410,50.0,3.09
PTIR,vol_high_break,25,-15,20,6,123289,50.0,2.06
ROBN,breakout_macd_adx,20,-15,20,4,121759,75.0,3.05
ROBN,breakout_macd_adx,25,-15,20,4,121759,75.0,3.05
MSTU,adx_di_cross,25,-20,30,18,115971,44.4,0.64
ROBN,triple_align_vol,12,-10,15,5,115011,60.0,2.3
MSTU,bb_mid_up,30,-20,45,9,114752,33.3,1.28
MSTU,all_green,25,-15,20,8,107200,50.0,1.34
MSTU,bb_high_pct,30,-20,45,14,103844,35.7,0.74
AMDL,breakout20_bull,12,-10,15,12,103261,41.7,0.86
PTIR,breakout_macd_adx,15,-10,20,6,101067,50.0,1.69
AMDL,breakout_macd_adx,30,-20,45,4,97431,50.0,2.44
AMDL,all_green,30,-20,45,4,97431,50.0,2.44
AMDL,adx_trend_up,30,-20,45,4,96613,50.0,2.42
AMDL,triple_ma_align,12,-10,15,14,93023,50.0,0.67
MSTU,vol_high_break,30,-20,45,6,91386,33.3,1.52
AMDL,triple_align_vol,12,-10,15,8,77640,50.0,0.97
AMDL,adx_trend_up,20,-15,20,5,75826,40.0,1.52
MSTU,bb_high_pct_vol,20,-15,20,13,71687,38.5,0.55
MSTU,vol_surge_rsi,15,-10,20,9,65335,44.4,0.73
MSTU,bb_high_pct_vol,25,-15,20,11,61765,36.4,0.56
IREN,macd_cross_bull,25,-15,20,6,60200,33.3,1.0
MSTU,bb_squeeze_break,30,-20,45,12,56908,33.3,0.47
MSTU,triple_ma_align,15,-10,20,4,56012,50.0,1.4
MSTU,breakout10_rsi,25,-20,30,8,33275,37.5,0.42
MSTU,bb_mid_up,20,-20,30,10,26669,40.0,0.27
AMDL,breakout_macd_adx,25,-15,20,5,22833,40.0,0.46
MSTU,bb_macd_vol,30,-20,45,12,21253,33.3,0.18
AMDL,triple_ma_align,20,-15,20,11,20855,45.5,0.19
MSTU,vol_surge_rsi,12,-10,15,10,20563,50.0,0.21
IREN,bb_lower_bounce,12,-10,15,10,19409,50.0,0.19
MSTU,adx_trend_up,30,-20,45,5,19021,40.0,0.38
MSTU,breakout10_rsi,12,-10,15,10,18402,50.0,0.18
MSTU,bb_squeeze_break,15,-20,30,17,12381,47.1,0.07
MSTU,macd_hist_grow,15,-20,30,18,6150,50.0,0.03
ROBN,breakout_macd_adx,30,-20,45,3,-236,33.3,-0.01
PTIR,breakout_macd_adx,12,-10,15,6,-8963,50.0,-0.15
AMDL,breakout20_bull,15,-10,20,12,-9332,41.7,-0.08
MSTU,vol_surge_rsi,25,-20,30,8,-15054,37.5,-0.19
CONL,triple_ma_align,12,-10,15,31,-21196,51.6,-0.07
MSTU,triple_ma_align,25,-15,20,3,-21813,33.3,-0.73
MSTU,bb_mid_up,25,-15,20,11,-25460,36.4,-0.23
MSTU,bb_lower_bounce,15,-10,20,22,-25785,31.8,-0.12
MSTU,bb_lower_bounce,12,-10,15,22,-25785,31.8,-0.12
CONL,breakout20_bull,12,-10,15,25,-26073,44.0,-0.1
IREN,bb_lower_bounce,15,-10,20,10,-28458,50.0,-0.28
IREN,bb_lower_bounce,20,-15,20,9,-31897,55.6,-0.35
ROBN,triple_align_vol,15,-10,20,5,-32064,40.0,-0.64
MSTU,triple_ma_align,25,-20,30,3,-34465,33.3,-1.15
MSTU,triple_ma_align,20,-15,20,3,-41632,33.3,-1.39
MSTU,adx_strong,30,-20,45,3,-47629,33.3,-1.59
MSTU,triple_ma_align,15,-20,30,4,-50172,50.0,-1.26
MSTU,bb_high_pct_vol,30,-20,45,10,-55623,30.0,-0.56
AMDL,breakout10_rsi,12,-10,15,13,-64672,38.5,-0.5
MSTU,triple_ma_align,20,-20,30,3,-69408,33.3,-2.32
MSTU,all_green,25,-20,30,8,-71209,37.5,-0.89
MSTU,macd_positive_rsi,15,-20,30,15,-74250,46.7,-0.5
MSTU,vol_high_break,25,-15,20,6,-76596,33.3,-1.28
MSTU,bb_squeeze_break,25,-20,30,14,-81406,35.7,-0.58
MSTU,adx_trend_up,25,-15,20,5,-97953,40.0,-1.96
MSTU,breakout10_bull,20,-20,30,10,-100913,50.0,-1.01
MSTU,macd_hist_grow,20,-20,30,16,-103241,43.8,-0.65
MSTU,vol_surge_rsi,20,-15,20,9,-110238,44.4,-1.23
MSTU,bb_lower_bounce,25,-20,30,20,-119914,25.0,-0.6
MSTU,bb_lower_bounce,15,-20,30,21,-124250,28.6,-0.59
MSTU,breakout10_bull,25,-15,20,10,-140711,40.0,-1.41
MSTU,vol_surge_rsi,15,-20,30,9,-142475,44.4,-1.58
MSTU,dual_mom_rsi,20,-20,30,15,-150700,40.0,-1.01
ROBN,triple_align_vol,20,-15,20,5,-155806,40.0,-3.12
MSTU,adx_di_cross,20,-20,30,18,-155839,44.4,-0.87
AMDL,triple_align_vol,30,-20,45,5,-156937,40.0,-3.14
MSTU,breakout10_bull,30,-20,45,10,-158244,30.0,-1.58
MSTU,triple_ma_align,12,-10,15,5,-162487,40.0,-3.25
AMDL,breakout10_bull,15,-10,20,16,-165086,43.8,-1.03
MSTU,adx_trend_up,25,-20,30,5,-166440,40.0,-3.33
MSTU,vol_surge_up,15,-10,20,11,-168530,36.4,-1.53
MSTU,mom20_rsi,30,-20,45,12,-170610,33.3,-1.42
MSTU,bb_high_pct,25,-20,30,16,-173060,37.5,-1.08
AMDL,breakout_macd_adx,20,-15,20,6,-192025,33.3,-3.2
MSTU,bb_high_pct_vol,20,-20,30,13,-192997,38.5,-1.49
MSTU,bb_lower_bounce,25,-15,20,20,-193589,25.0,-0.97
MSTU,mom20_rsi,25,-20,30,14,-199653,35.7,-1.43
MSTU,adx_trend_up,20,-20,30,5,-201004,40.0,-4.02
MSTU,adx_trend_up,15,-20,30,5,-201004,40.0,-4.02
MSTU,bb_mid_up,15,-10,20,13,-204551,38.5,-1.58
MSTU,bb_macd_vol,20,-15,20,14,-205787,42.9,-1.47
AMDL,triple_ma_align,15,-10,20,13,-208199,38.5,-1.6
MSTU,vol_surge_up,12,-10,15,12,-213302,41.7,-1.78
MSTU,vol_high_break,20,-20,30,6,-213441,50.0,-3.56
MSTU,mom20_rsi,15,-20,30,17,-215647,41.2,-1.27
MSTU,mom20_rsi,20,-20,30,17,-215647,41.2,-1.27
MSTU,bb_lower_bounce,20,-20,30,20,-219571,25.0,-1.1
MSTU,bb_high_pct,15,-20,30,18,-228900,44.4,-1.27
MSTU,bb_mid_up,12,-10,15,13,-235868,38.5,-1.82
AMDL,triple_ma_align,30,-20,45,6,-246876,33.3,-4.12
AMDL,breakout10_bull,12,-10,15,16,-252280,37.5,-1.58
MSTU,bb_high_pct_vol,15,-20,30,13,-265255,38.5,-2.04
MSTU,vol_surge_up,20,-15,20,10,-288196,40.0,-2.88
MSTU,bb_lower_bounce,20,-15,20,20,-293246,25.0,-1.47
AMDL,breakout_macd_adx,15,-10,20,6,-293897,33.3,-4.9
IREN,bb_lower_bounce,30,-20,45,8,-294248,37.5,-3.68
MSTU,bb_high_pct,20,-20,30,17,-301178,41.2,-1.77
MSTU,vol_high_break,15,-20,30,6,-309523,50.0,-5.16
AMDL,adx_trend_up,15,-10,20,5,-326646,20.0,-6.54
AMDL,adx_trend_up,12,-10,15,5,-326646,20.0,-6.54
MSTU,dual_mom_rsi,15,-20,30,15,-331151,40.0,-2.21
MSTU,bb_mid_up,20,-15,20,11,-342140,36.4,-3.11
MSTU,vol_surge_up,25,-20,30,9,-363548,33.3,-4.04
MSTU,bb_macd_vol,25,-15,20,14,-388801,35.7,-2.78
IREN,bb_lower_bounce,15,-20,30,9,-406435,44.4,-4.52
MSTU,vol_high_break,25,-20,30,6,-419674,33.3,-7.0
MSTU,bb_macd_vol,20,-20,30,14,-436769,42.9,-3.12
AMDL,breakout_macd_adx,12,-10,15,6,-468588,16.7,-7.82
MSTU,vol_surge_rsi,20,-20,30,9,-486032,33.3,-5.41
MSTU,vol_surge_up,15,-20,30,10,-490970,40.0,-4.91
MSTU,breakout10_bull,25,-20,30,10,-530714,30.0,-5.31
IREN,bb_lower_bounce,25,-20,30,8,-566114,37.5,-7.08
IREN,bb_lower_bounce,20,-20,30,8,-566114,37.5,-7.08
MSTU,bb_macd_vol,25,-20,30,14,-573202,35.7,-4.1
MSTU,bb_macd_vol,15,-20,30,14,-582483,42.9,-4.16
MSTU,bb_mid_up,15,-20,30,11,-587414,45.5,-5.35
MSTU,bb_lower_bounce,30,-20,45,19,-695941,21.1,-3.67
MSTU,vol_surge_up,20,-20,30,10,-834526,30.0,-8.35
