ticker,strategy,pos_mode,target,stop,hold,n,pnl,wr,avg
IREN,variable_size_regime_var,variable,30,-20,45,27,7972009,63.0,14.12
CONL,variable_size_regime_var,variable,20,-15,20,42,6207812,59.5,7.93
IREN,variable_size_regime_var,variable,25,-20,30,32,5882929,65.6,9.83
PTIR,variable_size_regime_var,variable,20,-15,20,22,5506827,72.7,11.92
CONL,variable_size_regime_var,variable,30,-20,45,27,5506780,51.9,9.84
CONL,variable_size_regime_var,variable,15,-20,30,45,5492782,66.7,7.01
PTIR,variable_size_regime_var,variable,25,-15,20,21,5467829,71.4,13.01
PTIR,variable_size_regime_var,variable,20,-20,30,19,5436177,73.7,15.16
PTIR,variable_size_regime_var,variable,15,-20,30,22,5428161,81.8,13.44
IREN,variable_size_regime_var,variable,20,-20,30,34,5359420,67.6,8.67
CONL,variable_size_regime_var,variable,15,-15,20,50,5341060,60.0,6.2
PTIR,variable_size_regime_var,variable,15,-15,20,28,5231266,75.0,9.18
CONL,variable_size_regime_var,variable,25,-20,30,30,5230678,53.3,9.16
CONL,variable_size_regime_var,variable,20,-20,30,36,5217224,61.1,7.47
PTIR,variable_size_regime_var,variable,30,-20,45,16,5120346,68.8,17.55
IREN,low_vol_breakout,fixed,30,-20,45,19,4921860,84.2,25.93
IREN,variable_size_regime_var,variable,15,-20,30,40,4702582,70.0,6.47
IREN,low_vol_breakout,fixed,25,-20,30,21,4662337,81.0,22.22
PTIR,variable_size_regime_var,variable,25,-20,30,18,4629567,66.7,13.17
IREN,low_vol_breakout,fixed,20,-20,30,23,4448947,87.0,19.36
IREN,low_vol_bull,fixed,30,-20,45,20,4213465,75.0,21.09
IREN,btc_regime1plus,fixed,30,-20,45,27,4055238,63.0,15.03
IREN,btc_regime2_rsi,fixed,30,-20,45,19,4040921,73.7,21.29
NVDL,variable_size_regime_var,variable,15,-20,30,33,3998479,75.8,5.88
CONL,variable_size_regime_var,variable,25,-15,20,35,3992264,51.4,5.63
IREN,mon_tue_bull,fixed,30,-20,45,19,3987606,73.7,21.01
IREN,not_friday_bull,fixed,30,-20,45,27,3984283,63.0,14.77
IREN,low_vol_breakout,fixed,25,-15,20,23,3983701,87.0,17.34
IREN,low_vol_bull,fixed,25,-20,30,22,3914474,77.3,17.81
IREN,variable_size_regime,fixed,30,-20,45,27,3809588,63.0,14.12
IREN,low_vol_breakout,fixed,20,-15,20,24,3791272,83.3,15.81
IREN,low_vol_breakout,fixed,15,-20,30,28,3727873,85.7,13.33
IREN,btc_regime2_rsi,fixed,20,-20,30,23,3549334,78.3,15.45
IREN,btc_rsi_high_regime,fixed,30,-20,45,19,3528696,68.4,18.59
IREN,mon_tue_bull,fixed,15,-20,30,28,3451717,78.6,12.34
IREN,btc_regime2_rsi,fixed,25,-20,30,24,3439145,70.8,14.34
IREN,low_vol_breakout,fixed,15,-15,20,29,3430621,82.8,11.84
IREN,variable_size_regime_var,variable,15,-15,20,42,3416767,61.9,5.08
IREN,low_vol_bull,fixed,15,-20,30,28,3385486,82.1,12.1
CONL,variable_size_regime,fixed,20,-15,20,42,3326962,59.5,7.93
IREN,btc_regime2_only,fixed,30,-20,45,22,3313074,63.6,15.07
IREN,low_vol_bull,fixed,20,-20,30,23,3281348,82.6,14.28
IREN,mon_tue_bull,fixed,20,-20,30,24,3248990,75.0,13.55
CONL,btc_regime1plus,fixed,20,-15,20,45,3222943,57.8,7.17
IREN,btc_regime1plus,fixed,25,-20,30,32,3217589,62.5,10.07
CONL,btc_regime2_only,fixed,15,-15,20,45,3203979,62.2,7.13
NVDL,variable_size_regime_var,variable,15,-15,20,39,3176987,64.1,4.45
CONL,btc_regime2_only,fixed,15,-20,30,43,3154672,67.4,7.34
CONL,variable_size_regime,fixed,15,-20,30,45,3151317,66.7,7.01
IREN,variable_size_regime,fixed,25,-20,30,32,3142820,65.6,9.83
IREN,btc_rsi_high_regime,fixed,25,-20,30,23,3133845,65.2,13.64
CONL,variable_size_regime,fixed,15,-15,20,50,3096832,60.0,6.2
IREN,variable_size_regime_var,variable,25,-15,20,33,3055215,54.5,5.74
PTIR,btc_regime1plus,fixed,25,-15,20,21,3042032,71.4,14.5
CONL,btc_regime2_rsi,fixed,15,-20,30,40,3016194,67.5,7.55
IREN,btc_ret5_pos_regime1,fixed,30,-20,45,22,3012617,68.2,13.71
PTIR,not_friday_bull,fixed,20,-20,30,19,3000456,73.7,15.81
IREN,not_friday_bull,fixed,25,-20,30,31,2992813,61.3,9.66
CONL,btc_regime1plus,fixed,15,-15,20,53,2992051,58.5,5.65
IREN,dual_btc_qqq,fixed,30,-20,45,9,2984072,100.0,33.19
IREN,dual_btc_qqq_pct,fixed,30,-20,45,9,2984072,100.0,33.19
IREN,btc_regime2_rsi,fixed,15,-20,30,29,2972575,75.9,10.26
CONL,btc_regime2_rsi,fixed,15,-15,20,41,2970741,61.0,7.25
PTIR,btc_regime1plus,fixed,20,-20,30,19,2969899,73.7,15.65
IREN,btc_rsi_high_regime,fixed,20,-20,30,28,2966401,71.4,10.6
PTIR,variable_size_regime,fixed,15,-20,30,22,2953686,81.8,13.44
IREN,variable_size_regime,fixed,20,-20,30,34,2945983,67.6,8.67
PTIR,btc_regime1plus,fixed,30,-20,45,16,2919887,68.8,18.27
IREN,btc_regime2_only,fixed,25,-20,30,28,2896601,64.3,10.36
PTIR,not_friday_bull,fixed,30,-20,45,16,2886681,68.8,18.06
PTIR,variable_size_regime,fixed,20,-20,30,19,2876949,73.7,15.16
PTIR,btc_regime1plus,fixed,20,-15,20,23,2867309,69.6,12.48
IREN,triple_ma_bull,fixed,30,-20,45,18,2834935,66.7,15.77
CONL,btc_regime2_only,fixed,30,-20,45,27,2834064,51.9,10.51
IREN,variable_size_regime_var,variable,20,-15,20,36,2833437,52.8,4.54
PTIR,btc_regime2_only,fixed,15,-20,30,19,2816995,84.2,14.84
IREN,mon_tue_bull,fixed,20,-15,20,26,2811932,65.4,10.83
IREN,btc_regime1plus,fixed,20,-20,30,36,2810104,63.9,7.81
NVDL,variable_size_regime_var,variable,25,-20,30,26,2807739,61.5,5.65
PTIR,btc_regime2_only,fixed,20,-20,30,17,2805948,76.5,16.52
PTIR,variable_size_regime,fixed,30,-20,45,16,2805337,68.8,17.55
PTIR,btc_rsi_high_regime,fixed,20,-20,30,15,2805301,80.0,18.72
IREN,btc_regime2_only,fixed,20,-20,30,29,2802230,69.0,9.67
CONL,btc_regime2_rsi,fixed,30,-20,45,27,2802100,51.9,10.39
CONL,btc_rsi_high_regime,fixed,15,-15,20,40,2794077,60.0,6.99
CONL,btc_momentum_entry,fixed,25,-20,30,25,2778311,56.0,11.12
CONL,btc_regime2_only,fixed,25,-20,30,28,2770116,53.6,9.9
PTIR,not_friday_bull,fixed,25,-15,20,21,2753975,71.4,13.13
CONL,variable_size_regime,fixed,25,-20,30,30,2745922,53.3,9.16
PTIR,not_friday_bull,fixed,20,-15,20,22,2744030,72.7,12.49
PTIR,btc_rsi_high_regime,fixed,15,-20,30,18,2739202,88.9,15.23
PTIR,variable_size_regime,fixed,25,-15,20,21,2729250,71.4,13.01
CONL,btc_rsi_high_regime,fixed,30,-20,45,27,2726053,51.9,10.11
IREN,btc_regime2_rsi,fixed,25,-15,20,25,2725642,72.0,10.91
NVDL,variable_size_regime_var,variable,30,-20,45,21,2722810,57.1,7.05
IREN,mon_tue_bull,fixed,25,-15,20,25,2715662,64.0,10.87
PTIR,btc_rsi_high_regime,fixed,25,-20,30,13,2709395,76.9,20.86
IREN,mon_tue_bull,fixed,15,-15,20,31,2702915,67.7,8.73
IREN,btc_momentum_entry,fixed,30,-20,45,24,2698419,58.3,11.25
IREN,dual_btc_qqq_pct,fixed,25,-20,30,11,2693932,100.0,24.51
IREN,dual_btc_qqq,fixed,25,-20,30,11,2693932,100.0,24.51
CONL,btc_regime1plus,fixed,15,-20,30,48,2693541,64.6,5.62
CONL,variable_size_regime,fixed,20,-20,30,36,2685180,61.1,7.47
PTIR,btc_rsi_high_regime,fixed,20,-15,20,16,2666340,81.2,16.68
PTIR,mon_tue_bull,fixed,15,-20,30,21,2659612,76.2,12.68
CONL,variable_size_regime,fixed,30,-20,45,27,2654712,51.9,9.84
IREN,mon_tue_bull,fixed,25,-20,30,23,2650388,69.6,11.53
PTIR,btc_regime2_rsi,fixed,15,-20,30,20,2649517,80.0,13.26
CONL,not_friday_bull,fixed,20,-15,20,44,2636627,54.5,6.0
IREN,low_vol_bull,fixed,25,-15,20,23,2626058,65.2,11.43
CONL,btc_regime2_only,fixed,20,-15,20,40,2625003,57.5,6.57
NVDL,variable_size_regime_var,variable,20,-20,30,27,2624061,70.4,5.39
PTIR,variable_size_regime,fixed,20,-15,20,22,2620523,72.7,11.92
CONL,btc_regime2_rsi,fixed,20,-15,20,37,2608600,56.8,7.06
IREN,not_friday_bull,fixed,20,-20,30,33,2603200,63.6,7.9
IREN,low_vol_bull,fixed,15,-15,20,30,2590617,70.0,8.64
IREN,variable_size_regime,fixed,15,-20,30,40,2587172,70.0,6.47
CONL,btc_rsi_high_regime,fixed,15,-20,30,38,2573782,65.8,6.78
IREN,btc_rsi_high_regime,fixed,15,-15,20,35,2570466,68.6,7.35
PTIR,btc_rsi_high_regime,fixed,25,-15,20,14,2570434,78.6,18.38
PTIR,variable_size_regime,fixed,15,-15,20,28,2567838,75.0,9.18
CONL,btc_regime2_rsi,fixed,25,-20,30,28,2566606,53.6,9.18
CONL,btc_momentum_entry,fixed,15,-20,30,33,2562708,66.7,7.77
CONL,not_friday_bull,fixed,15,-15,20,48,2559241,58.3,5.34
IREN,dual_btc_qqq,fixed,20,-20,30,11,2558741,100.0,23.28
IREN,dual_btc_qqq_pct,fixed,20,-20,30,11,2558741,100.0,23.28
NVDL,variable_size_regime_var,variable,25,-15,20,31,2556060,61.3,4.7
CONL,btc_rsi_high_regime,fixed,20,-15,20,36,2541358,55.6,7.07
CONL,not_friday_bull,fixed,15,-20,30,45,2517513,64.4,5.6
ROBN,variable_size_regime_var,variable,25,-15,20,12,2495373,66.7,12.09
PTIR,btc_momentum_entry,fixed,25,-20,30,13,2493194,76.9,19.2
PTIR,btc_regime1plus,fixed,15,-20,30,22,2489462,81.8,11.33
PTIR,btc_regime2_rsi,fixed,20,-20,30,17,2474562,70.6,14.57
CONL,btc_regime2_rsi,fixed,20,-20,30,33,2465509,60.6,7.48
PTIR,btc_regime1plus,fixed,25,-20,30,18,2461799,66.7,13.69
PTIR,not_friday_bull,fixed,15,-20,30,22,2449589,81.8,11.15
CONL,btc_regime2_only,fixed,20,-20,30,34,2446898,58.8,7.2
IREN,btc_regime1plus,fixed,15,-20,30,40,2433928,67.5,6.09
IREN,triple_ma_bull,fixed,25,-20,30,20,2424261,70.0,12.13
CONL,btc_momentum_entry,fixed,15,-15,20,36,2419114,61.1,6.73
PTIR,btc_momentum_entry,fixed,30,-20,45,11,2411148,72.7,21.94
ROBN,variable_size_regime_var,variable,25,-20,30,11,2409437,63.6,12.57
IREN,dual_btc_qqq_strong,fixed,30,-20,45,7,2398174,100.0,34.29
CONL,btc_rsi_high_regime,fixed,25,-20,30,28,2397341,53.6,8.57
CONL,btc_rsi_high_regime,fixed,25,-15,20,32,2394758,53.1,7.49
CONL,btc_momentum_entry,fixed,20,-15,20,34,2391784,58.8,7.04
CONL,btc_momentum_entry,fixed,20,-20,30,31,2386499,61.3,7.71
IREN,btc_regime2_rsi,fixed,20,-15,20,25,2375745,68.0,9.51
IREN,btc_regime2_rsi,fixed,15,-15,20,30,2374307,70.0,7.92
IREN,triple_ma_bull,fixed,20,-20,30,24,2369602,66.7,9.88
PTIR,variable_size_regime,fixed,25,-20,30,18,2368849,66.7,13.17
IREN,btc_regime1plus,fixed,15,-15,20,44,2365970,63.6,5.38
IREN,btc_regime1plus,fixed,25,-15,20,37,2361281,54.1,6.39
NVDL,btc_ret5_pos_regime1,fixed,30,-20,45,18,2360866,61.1,13.13
CONL,btc_regime1plus,fixed,20,-20,30,39,2332633,59.0,5.99
AMDL,dual_btc_qqq_strong,fixed,30,-20,45,7,2326283,85.7,33.27
PTIR,btc_regime2_only,fixed,25,-20,30,14,2324583,71.4,16.62
PTIR,btc_regime2_only,fixed,30,-20,45,13,2311166,69.2,17.8
CONL,btc_regime2_rsi,fixed,25,-15,20,32,2308967,53.1,7.22
CONL,btc_regime1plus,fixed,25,-20,30,36,2303679,50.0,6.41
PTIR,mon_tue_bull,fixed,20,-20,30,17,2282968,70.6,13.44
IREN,btc_momentum_entry,fixed,15,-20,30,32,2273258,71.9,7.11
IREN,not_friday_bull,fixed,15,-15,20,44,2272219,61.4,5.17
IREN,btc_rsi_high_regime,fixed,15,-20,30,32,2264162,71.9,7.08
IREN,not_friday_bull,fixed,15,-20,30,39,2261310,66.7,5.8
IREN,dual_btc_qqq_strong,fixed,25,-20,30,9,2250430,88.9,25.03
CONL,btc_momentum_entry,fixed,30,-20,45,25,2249036,52.0,9.01
IREN,dual_btc_qqq,fixed,15,-20,30,12,2243889,100.0,18.72
IREN,dual_btc_qqq_pct,fixed,15,-20,30,12,2243889,100.0,18.72
IREN,btc_ret20_strong,fixed,30,-20,45,11,2236804,72.7,20.35
CONL,month_q4_bull,fixed,20,-15,20,26,2236448,57.7,8.61
PTIR,mon_tue_bull,fixed,30,-20,45,13,2233742,69.2,17.2
PTIR,btc_regime2_rsi,fixed,25,-20,30,14,2233486,71.4,15.97
ROBN,variable_size_regime_var,variable,30,-20,45,10,2221193,60.0,13.41
IREN,dual_btc_qqq_strong,fixed,20,-20,30,9,2220377,100.0,24.7
PTIR,btc_momentum_entry,fixed,15,-20,30,18,2216848,77.8,12.33
IREN,triple_ma_strong_btc,fixed,20,-20,30,18,2216684,72.2,12.33
PTIR,btc_regime2_only,fixed,15,-15,20,22,2215875,72.7,10.08
CONL,btc_ret20_strong,fixed,25,-20,30,17,2209673,64.7,13.01
NVDL,low_vol_bull,fixed,15,-20,30,33,2204134,75.8,6.69
PTIR,mon_tue_bull,fixed,15,-15,20,23,2202927,78.3,9.59
CONL,btc_regime1plus,fixed,25,-15,20,39,2199439,48.7,5.65
PTIR,btc_regime2_rsi,fixed,30,-20,45,13,2196734,69.2,16.91
PTIR,btc_regime2_only,fixed,20,-15,20,18,2195551,72.2,12.21
CONL,btc_ret5_pos_regime1,fixed,30,-20,45,28,2190433,50.0,7.83
NVDL,mon_tue_bull,fixed,30,-20,45,17,2170544,64.7,12.78
PTIR,btc_rsi_high_regime,fixed,30,-20,45,12,2166888,66.7,18.08
PTIR,not_friday_bull,fixed,25,-20,30,18,2166163,61.1,12.05
PTIR,btc_ret5_pos_regime1,fixed,15,-20,30,17,2153666,82.4,12.68
CONL,not_friday_bull,fixed,20,-20,30,39,2152893,59.0,5.53
PTIR,btc_regime1plus,fixed,15,-15,20,29,2151895,72.4,7.43
CONL,btc_regime2_only,fixed,25,-15,20,34,2150174,52.9,6.33
NVDL,triple_ma_strong_btc,fixed,15,-20,30,21,2146760,85.7,10.23
IREN,triple_ma_strong_btc,fixed,30,-20,45,14,2141995,64.3,15.32
IREN,btc_regime1plus,fixed,20,-15,20,39,2135841,56.4,5.48
NVDL,btc_ret5_pos_regime1,fixed,25,-20,30,24,2134656,70.8,8.9
IREN,variable_size_regime,fixed,15,-15,20,42,2129992,61.9,5.08
ROBN,variable_size_regime_var,variable,20,-20,30,11,2129233,72.7,12.07
CONL,btc_rsi_high_regime,fixed,20,-20,30,32,2126167,59.4,6.65
IREN,btc_rsi_high_regime,fixed,25,-15,20,24,2123155,54.2,8.86
IREN,not_friday_bull,fixed,25,-15,20,37,2114551,54.1,5.72
NVDL,btc_ret5_pos_regime1,fixed,25,-15,20,27,2109911,55.6,7.82
PTIR,mon_tue_bull,fixed,20,-15,20,18,2083124,77.8,11.58
CONL,btc_regime1plus,fixed,30,-20,45,29,2080011,48.3,7.18
CONL,not_friday_bull,fixed,25,-15,20,39,2059065,46.2,5.28
NVDL,triple_ma_bull,fixed,15,-20,30,25,2051543,80.0,8.21
IREN,btc_regime2_only,fixed,15,-20,30,33,2045169,69.7,6.2
IREN,low_vol_bull,fixed,20,-15,20,23,2044825,65.2,8.9
NVDL,variable_size_regime_var,variable,20,-15,20,32,2041481,53.1,2.99
PTIR,btc_rsi_high_regime,fixed,15,-15,20,20,2039779,80.0,10.21
NVDL,btc_ret5_pos_regime1,fixed,15,-15,20,31,2036043,64.5,6.57
CONL,triple_ma_bull,fixed,20,-20,30,21,2034494,61.9,9.7
NVDL,mon_tue_bull,fixed,15,-20,30,26,2025476,76.9,7.8
IREN,triple_ma_strong_btc,fixed,25,-20,30,15,2021913,66.7,13.49
NVDL,triple_ma_bull,fixed,20,-20,30,18,2019244,77.8,11.23
IREN,btc_ret5_pos_regime1,fixed,15,-20,30,31,2006285,64.5,6.48
AMDL,dual_btc_qqq_pct,fixed,15,-20,30,10,2002672,90.0,20.05
AMDL,dual_btc_qqq,fixed,15,-20,30,10,2002672,90.0,20.05
PTIR,btc_momentum_entry,fixed,20,-20,30,15,1997516,73.3,13.33
NVDL,btc_rsi_high_regime,fixed,15,-20,30,27,1992966,81.5,7.39
CONL,btc_ret5_pos_regime1,fixed,25,-20,30,29,1989267,48.3,6.87
PTIR,low_vol_breakout,fixed,15,-20,30,15,1984156,66.7,13.24
CONL,mon_tue_bull,fixed,15,-20,30,34,1981747,67.6,5.83
PTIR,btc_regime2_rsi,fixed,15,-15,20,21,1968685,71.4,9.38
CONL,variable_size_regime,fixed,25,-15,20,35,1966819,51.4,5.63
AMDL,dual_btc_qqq,fixed,20,-20,30,10,1966798,80.0,19.69
AMDL,dual_btc_qqq_pct,fixed,20,-20,30,10,1966798,80.0,19.69
PTIR,btc_ret5_pos_regime1,fixed,15,-15,20,18,1963617,72.2,10.92
CONL,btc_ret20_strong,fixed,15,-20,30,21,1959582,71.4,9.34
CONL,btc_ret20_strong,fixed,25,-15,20,20,1958471,60.0,9.8
PTIR,low_vol_bull,fixed,20,-20,30,13,1950036,61.5,15.02
CONL,low_vol_bull,fixed,30,-20,45,14,1943909,57.1,13.9
NVDL,btc_ret20_strong,fixed,30,-20,45,9,1939766,77.8,21.57
NVDL,variable_size_regime,fixed,15,-20,30,33,1937107,75.8,5.88
CONL,not_friday_bull,fixed,30,-20,45,29,1927912,48.3,6.65
CONL,month_q4_bull,fixed,30,-20,45,17,1918022,52.9,11.29
AMDL,dual_btc_qqq_pct,fixed,30,-20,45,8,1911463,75.0,23.92
AMDL,dual_btc_qqq,fixed,30,-20,45,8,1911463,75.0,23.92
PTIR,btc_ret5_pos_regime1,fixed,20,-20,30,14,1909784,78.6,13.65
CONL,month_q4_bull,fixed,20,-20,30,22,1903881,59.1,8.66
NVDL,triple_ma_bull,fixed,15,-15,20,27,1898894,74.1,7.04
IREN,dual_btc_qqq_strong,fixed,25,-15,20,10,1897072,90.0,18.99
IREN,variable_size_regime,fixed,25,-15,20,33,1893590,54.5,5.74
PTIR,mon_tue_bull,fixed,25,-15,20,17,1888641,70.6,11.12
CONL,month_q4_bull,fixed,25,-20,30,18,1887628,55.6,10.5
IREN,triple_ma_strong_btc,fixed,25,-15,20,16,1887028,68.8,11.81
CONL,triple_ma_strong_btc,fixed,25,-15,20,19,1883087,57.9,9.92
CONL,low_vol_breakout,fixed,30,-20,45,14,1881708,57.1,13.45
PTIR,not_friday_bull,fixed,15,-15,20,29,1880081,72.4,6.49
CONL,triple_ma_strong_btc,fixed,20,-20,30,17,1874826,64.7,11.04
NVDL,btc_regime2_only,fixed,15,-20,30,30,1865664,76.7,6.23
NVDL,mon_tue_bull,fixed,25,-20,30,21,1862394,66.7,8.88
IREN,btc_regime2_only,fixed,25,-15,20,28,1861648,57.1,6.66
IREN,dual_btc_qqq_pct,fixed,15,-15,20,13,1856172,84.6,14.29
IREN,dual_btc_qqq,fixed,15,-15,20,13,1856172,84.6,14.29
IREN,btc_ret5_pos_regime1,fixed,20,-20,30,28,1855653,60.7,6.63
CONL,btc_ret20_strong,fixed,20,-20,30,19,1852491,68.4,9.76
CONL,triple_ma_strong_btc,fixed,25,-20,30,15,1850111,60.0,12.35
CONL,triple_ma_strong_btc,fixed,15,-15,20,21,1848302,61.9,8.81
PTIR,low_vol_bull,fixed,15,-20,30,15,1847380,66.7,12.33
IREN,triple_ma_qqq,fixed,25,-20,30,12,1841360,75.0,15.36
CONL,triple_ma_strong_btc,fixed,15,-20,30,21,1834466,66.7,8.74
NVDL,low_vol_breakout,fixed,15,-20,30,31,1831238,71.0,5.91
IREN,btc_regime2_only,fixed,15,-15,20,36,1829794,63.9,5.09
ROBN,variable_size_regime_var,variable,15,-20,30,13,1825513,76.9,10.78
IREN,btc_ret5_pos_regime1,fixed,25,-20,30,24,1825350,54.2,7.61
IREN,btc_regime2_only,fixed,20,-15,20,31,1812791,54.8,5.85
NVDL,low_vol_bull,fixed,15,-15,20,40,1805601,65.0,4.52
PTIR,btc_regime2_rsi,fixed,20,-15,20,18,1803461,66.7,10.03
IREN,triple_ma_bull,fixed,25,-15,20,23,1801167,56.5,7.84
IREN,triple_ma_bull,fixed,15,-20,30,22,1792232,68.2,8.15
CONL,month_q4_bull,fixed,25,-15,20,23,1785525,52.2,7.77
CONL,btc_ret20_strong,fixed,20,-15,20,21,1781080,61.9,8.49
NVDL,btc_ret5_pos_regime1,fixed,20,-20,30,25,1778800,68.0,7.12
NVDL,triple_ma_bull,fixed,25,-20,30,17,1773192,70.6,10.44
NVDL,btc_regime1plus,fixed,15,-20,30,36,1772152,72.2,4.93
IREN,not_friday_bull,fixed,20,-15,20,38,1768593,52.6,4.66
CONL,mon_tue_bull,fixed,30,-20,45,22,1767957,50.0,8.04
NVDL,btc_regime2_rsi,fixed,15,-20,30,27,1767117,74.1,6.55
CONL,btc_ret5_pos_regime1,fixed,15,-20,30,37,1763333,59.5,4.77
AMDL,dual_btc_qqq,fixed,25,-15,20,12,1761167,66.7,14.69
NVDL,mon_tue_bull,fixed,20,-20,30,23,1758120,65.2,7.65
PTIR,btc_ret5_pos_regime1,fixed,25,-20,30,12,1755345,75.0,14.64
PTIR,btc_regime2_only,fixed,25,-15,20,15,1754271,66.7,11.71
CONL,triple_ma_bull,fixed,15,-20,30,24,1753351,62.5,7.31
NVDL,btc_ret20_strong,fixed,15,-20,30,12,1753307,91.7,14.63
CONL,month_q4_bull,fixed,15,-20,30,25,1751636,60.0,7.01
NVDL,mon_tue_bull,fixed,15,-15,20,33,1747411,63.6,5.3
IREN,btc_rsi_high_regime,fixed,20,-15,20,28,1745959,60.7,6.24
IREN,btc_momentum_entry,fixed,25,-20,30,26,1743234,61.5,6.71
NVDL,triple_ma_bull,fixed,25,-15,20,20,1742020,65.0,8.72
IREN,triple_ma_qqq,fixed,30,-20,45,10,1741117,70.0,17.43
IREN,triple_ma_bull,fixed,20,-15,20,25,1738777,56.0,6.96
NVDL,variable_size_regime,fixed,15,-15,20,39,1735393,64.1,4.45
CONL,triple_ma_strong_btc,fixed,30,-20,45,14,1734466,57.1,12.4
ROBN,btc_ret5_pos_regime1,fixed,30,-20,45,10,1731270,70.0,17.33
IREN,btc_momentum_entry,fixed,15,-15,20,35,1729770,62.9,4.95
PTIR,btc_ret20_strong,fixed,15,-20,30,9,1723585,100.0,19.17
IREN,triple_ma_qqq,fixed,15,-15,20,18,1713097,72.2,9.53
PTIR,month_q4_bull,fixed,15,-15,20,13,1708024,76.9,13.15
PTIR,low_vol_breakout,fixed,15,-15,20,19,1701893,73.7,8.97
CONL,mon_tue_bull,fixed,20,-20,30,29,1690435,62.1,5.83
PTIR,month_q4_bull,fixed,15,-20,30,11,1690009,90.9,15.38
CONL,month_q4_bull,fixed,15,-15,20,28,1686406,57.1,6.03
CONL,triple_ma_bull,fixed,25,-15,20,26,1683063,50.0,6.48
IREN,dual_btc_qqq_pct,fixed,25,-15,20,12,1679907,75.0,14.01
IREN,dual_btc_qqq,fixed,25,-15,20,12,1679907,75.0,14.01
IREN,dual_btc_qqq_strong,fixed,15,-20,30,9,1679149,100.0,18.68
PTIR,low_vol_bull,fixed,30,-20,45,11,1675611,63.6,15.25
ROBN,month_q2q3_bull,fixed,30,-20,45,8,1673896,75.0,20.94
NVDL,btc_ret5_pos_regime1,fixed,15,-20,30,27,1673429,70.4,6.2
CONL,triple_ma_strong_btc,fixed,20,-15,20,19,1663792,57.9,8.77
NVDL,triple_ma_bull,fixed,30,-20,45,14,1660044,57.1,11.87
PTIR,mon_tue_bull,fixed,25,-20,30,15,1658969,60.0,11.07
AMDL,dual_btc_qqq_strong,fixed,15,-20,30,9,1654578,88.9,18.4
NVDL,triple_ma_strong_btc,fixed,20,-20,30,15,1654195,80.0,11.04
CONL,triple_ma_bull,fixed,20,-15,20,24,1654016,54.2,6.9
NVDL,triple_ma_strong_btc,fixed,15,-15,20,23,1648396,69.6,7.17
NVDL,btc_regime2_rsi,fixed,30,-20,45,20,1639071,55.0,8.2
AMDL,dual_btc_qqq_strong,fixed,25,-20,30,8,1634526,75.0,20.45
NVDL,btc_momentum_entry,fixed,15,-15,20,31,1633732,61.3,5.28
IREN,variable_size_regime,fixed,20,-15,20,36,1631165,52.8,4.54
CONL,triple_ma_bull,fixed,30,-20,45,20,1625420,50.0,8.14
NVDL,btc_regime2_only,fixed,30,-20,45,21,1622143,57.1,7.73
NVDL,btc_momentum_entry,fixed,30,-20,45,18,1616442,66.7,8.99
NVDL,btc_ret20_strong,fixed,25,-20,30,9,1616377,88.9,17.98
NVDL,triple_ma_strong_btc,fixed,30,-20,45,12,1614682,58.3,13.47
IREN,triple_ma_strong_btc,fixed,15,-20,30,18,1606122,72.2,8.93
AMDL,dual_btc_qqq_strong,fixed,20,-20,30,9,1603363,77.8,17.83
ROBN,dual_btc_qqq,fixed,25,-20,30,11,1603339,72.7,14.59
IREN,dual_btc_qqq_pct,fixed,20,-15,20,13,1602864,76.9,12.34
IREN,dual_btc_qqq,fixed,20,-15,20,13,1602864,76.9,12.34
PTIR,triple_ma_bull,fixed,15,-20,30,17,1594613,76.5,9.39
IREN,triple_ma_bull,fixed,15,-15,20,25,1592825,60.0,6.38
IREN,triple_ma_qqq,fixed,20,-20,30,13,1591739,76.9,12.26
CONL,btc_ret20_strong,fixed,15,-15,20,21,1590600,66.7,7.58
ROBN,month_q2q3_bull,fixed,15,-20,30,10,1589639,90.0,15.91
ROBN,month_q2q3_bull,fixed,15,-15,20,10,1588146,80.0,15.9
PTIR,btc_momentum_entry,fixed,15,-15,20,20,1588050,65.0,7.95
IREN,triple_ma_qqq,fixed,25,-15,20,14,1587378,64.3,11.35
NVDL,btc_regime2_only,fixed,15,-15,20,33,1586791,60.6,4.81
CONL,mon_tue_bull,fixed,25,-20,30,25,1585882,56.0,6.35
IREN,btc_momentum_entry,fixed,20,-20,30,27,1583929,63.0,5.87
PTIR,btc_momentum_entry,fixed,25,-15,20,15,1577658,53.3,10.53
AMDL,dual_btc_qqq_pct,fixed,25,-15,20,11,1575826,63.6,14.34
AMDL,dual_btc_qqq,fixed,25,-20,30,9,1563084,66.7,17.38
AMDL,dual_btc_qqq_pct,fixed,25,-20,30,9,1563084,66.7,17.38
IREN,month_q2q3_bull,fixed,30,-20,45,11,1560036,63.6,14.2
NVDL,triple_ma_strong_btc,fixed,25,-20,30,15,1555063,73.3,10.38
ROBN,variable_size_regime_var,variable,20,-15,20,12,1548698,58.3,7.58
NVDL,low_vol_breakout,fixed,25,-15,20,28,1547657,60.7,5.53
ROBN,month_q2q3_bull,fixed,20,-20,30,9,1544303,88.9,17.18
IREN,triple_ma_qqq,fixed,15,-20,30,17,1543111,76.5,9.09
IREN,month_q4_bull,fixed,25,-20,30,11,1541130,63.6,14.02
ROBN,month_q2q3_bull,fixed,25,-20,30,8,1540492,87.5,19.28
PTIR,triple_ma_strong_btc,fixed,15,-20,30,16,1540226,75.0,9.64
NVDL,btc_momentum_entry,fixed,25,-15,20,27,1529914,55.6,5.67
CONL,not_friday_bull,fixed,25,-20,30,35,1528857,48.6,4.37
NVDL,mon_tue_bull,fixed,20,-15,20,28,1523983,60.7,5.45
NVDL,low_vol_breakout,fixed,30,-20,45,20,1513048,55.0,7.57
NVDL,btc_ret20_strong,fixed,20,-20,30,9,1510770,88.9,16.8
IREN,triple_ma_strong_btc,fixed,15,-15,20,19,1510068,68.4,7.96
NVDL,low_vol_bull,fixed,25,-15,20,32,1509818,62.5,4.72
ROBN,triple_ma_qqq,fixed,25,-20,30,9,1506645,88.9,16.76
ROBN,triple_ma_bull,fixed,25,-20,30,7,1505029,100.0,21.52
NVDL,triple_ma_bull,fixed,20,-15,20,21,1501257,66.7,7.16
CONL,btc_ret5_pos_regime1,fixed,20,-20,30,34,1496713,52.9,4.41
PTIR,btc_ret5_pos_regime1,fixed,30,-20,45,11,1491045,63.6,13.57
NVDL,btc_rsi_high_regime,fixed,25,-15,20,25,1487647,64.0,5.96
PTIR,btc_regime2_rsi,fixed,25,-15,20,15,1483354,66.7,9.9
NVDL,variable_size_regime,fixed,30,-20,45,21,1479533,57.1,7.05
NVDL,btc_ret20_strong,fixed,15,-15,20,13,1479328,76.9,11.39
NVDL,btc_rsi_high_regime,fixed,30,-20,45,19,1474096,57.9,7.77
CONL,btc_ret5_pos_regime1,fixed,20,-15,20,38,1472816,50.0,3.88
NVDL,variable_size_regime,fixed,25,-20,30,26,1467899,61.5,5.65
PTIR,low_vol_bull,fixed,15,-15,20,18,1463248,72.2,8.14
AMDL,dual_btc_qqq_pct,fixed,20,-15,20,14,1462469,57.1,10.46
AMDL,dual_btc_qqq,fixed,20,-15,20,14,1462469,57.1,10.46
ROBN,btc_momentum_entry,fixed,25,-15,20,10,1457559,70.0,14.59
NVDL,variable_size_regime,fixed,25,-15,20,31,1456438,61.3,4.7
NVDL,btc_regime2_rsi,fixed,15,-15,20,29,1455488,62.1,5.02
IREN,triple_ma_strong_btc,fixed,20,-15,20,18,1455306,61.1,8.09
NVDL,btc_regime2_only,fixed,25,-15,20,26,1453668,57.7,5.6
NVDL,variable_size_regime,fixed,20,-20,30,27,1452981,70.4,5.39
CONL,triple_ma_bull,fixed,25,-20,30,20,1452119,50.0,7.27
ROBN,dual_btc_qqq,fixed,20,-20,30,12,1450660,75.0,12.1
ROBN,triple_ma_bull,fixed,30,-20,45,7,1450591,71.4,20.74
ROBN,variable_size_regime,fixed,25,-15,20,12,1449513,66.7,12.09
NVDL,btc_rsi_high_regime,fixed,20,-20,30,23,1445916,69.6,6.29
NVDL,not_friday_bull,fixed,15,-20,30,36,1445641,69.4,4.02
NVDL,btc_ret5_pos_regime1,fixed,20,-15,20,29,1444026,51.7,4.98
PTIR,month_q4_bull,fixed,25,-20,30,8,1439815,75.0,18.02
PTIR,month_q4_bull,fixed,20,-20,30,8,1439815,75.0,18.02
ROBN,btc_momentum_entry,fixed,30,-20,45,9,1437164,66.7,15.98
NVDL,low_vol_bull,fixed,30,-20,45,21,1436257,57.1,6.85
NVDL,mon_tue_bull,fixed,25,-15,20,27,1436032,59.3,5.32
ROBN,triple_ma_qqq,fixed,20,-20,30,9,1435592,88.9,15.97
PTIR,low_vol_bull,fixed,20,-15,20,16,1426207,62.5,8.92
NVDL,low_vol_bull,fixed,20,-20,30,28,1402361,67.9,5.01
ROBN,dual_btc_qqq,fixed,15,-20,30,13,1400594,76.9,10.78
ROBN,variable_size_regime,fixed,15,-20,30,13,1399673,76.9,10.78
ROBN,month_q2q3_bull,fixed,20,-15,20,9,1398615,77.8,15.56
NVDL,btc_rsi_high_regime,fixed,15,-15,20,31,1388965,61.3,4.49
AMDL,dual_btc_qqq_pct,fixed,15,-15,20,15,1388548,66.7,9.27
AMDL,dual_btc_qqq,fixed,15,-15,20,15,1388548,66.7,9.27
ROBN,variable_size_regime,fixed,25,-20,30,11,1380868,63.6,12.57
PTIR,low_vol_bull,fixed,25,-15,20,16,1376423,62.5,8.61
PTIR,month_q4_bull,fixed,20,-15,20,10,1374186,70.0,13.76
PTIR,month_q4_bull,fixed,25,-15,20,10,1374186,70.0,13.76
IREN,triple_ma_qqq,fixed,20,-15,20,15,1373333,60.0,9.16
NVDL,btc_ret20_strong,fixed,25,-15,20,10,1373089,70.0,13.74
NVDL,low_vol_breakout,fixed,25,-20,30,25,1369847,56.0,5.48
ROBN,variable_size_regime_var,variable,15,-15,20,14,1369598,64.3,7.79
NVDL,low_vol_breakout,fixed,15,-15,20,34,1368530,64.7,4.03
ROBN,btc_momentum_entry,fixed,25,-20,30,10,1368303,70.0,13.7
NVDL,btc_momentum_entry,fixed,15,-20,30,28,1367595,71.4,4.89
NVDL,btc_regime2_rsi,fixed,25,-15,20,23,1367166,56.5,5.95
PTIR,low_vol_bull,fixed,25,-20,30,12,1366874,50.0,11.4
CONL,btc_ret5_pos_regime1,fixed,15,-15,20,42,1359150,52.4,3.24
PTIR,low_vol_breakout,fixed,30,-20,45,14,1357331,57.1,9.7
NVDL,btc_rsi_high_regime,fixed,25,-20,30,22,1345839,68.2,6.12
ROBN,variable_size_regime,fixed,30,-20,45,10,1339506,60.0,13.41
ROBN,triple_ma_bull,fixed,20,-20,30,8,1335295,87.5,16.71
PTIR,triple_ma_bull,fixed,25,-15,20,18,1332963,61.1,7.41
NVDL,triple_ma_strong_btc,fixed,25,-15,20,17,1331222,58.8,7.84
ROBN,dual_btc_qqq,fixed,30,-20,45,10,1329443,60.0,13.31
ROBN,variable_size_regime,fixed,20,-20,30,11,1326689,72.7,12.07
PTIR,btc_ret20_strong,fixed,15,-15,20,9,1325727,88.9,14.75
NVDL,not_friday_bull,fixed,30,-20,45,22,1321267,54.5,6.01
NVDL,btc_regime1plus,fixed,30,-20,45,22,1310794,54.5,5.96
IREN,btc_momentum_entry,fixed,25,-15,20,26,1306282,50.0,5.03
AMDL,dual_btc_qqq_strong,fixed,25,-15,20,9,1302122,66.7,14.48
IREN,dual_btc_qqq_strong,fixed,20,-15,20,10,1299874,80.0,13.01
NVDL,btc_regime2_rsi,fixed,25,-20,30,21,1299614,61.9,6.19
PTIR,btc_ret5_pos_regime1,fixed,25,-15,20,13,1293840,61.5,9.96
IREN,dual_btc_qqq_strong,fixed,15,-15,20,10,1287558,90.0,12.89
ROBN,triple_ma_bull,fixed,15,-20,30,9,1285230,88.9,14.29
ROBN,dual_btc_qqq,fixed,25,-15,20,13,1283445,61.5,9.88
IREN,month_q2q3_bull,fixed,25,-15,20,15,1279614,60.0,8.54
NVDL,btc_rsi_high_regime,fixed,20,-15,20,26,1278639,61.5,4.92
PTIR,triple_ma_strong_btc,fixed,25,-15,20,14,1276007,64.3,9.12
ROBN,btc_ret5_pos_regime1,fixed,25,-20,30,10,1273342,80.0,12.75
NVDL,btc_momentum_entry,fixed,25,-20,30,21,1268189,61.9,6.05
ROBN,btc_momentum_entry,fixed,20,-15,20,10,1265147,70.0,12.66
CONL,btc_ret20_strong,fixed,30,-20,45,15,1253378,53.3,8.36
NVDL,btc_regime2_only,fixed,25,-20,30,23,1253333,65.2,5.45
NVDL,btc_regime2_only,fixed,20,-15,20,28,1248347,57.1,4.46
NVDL,btc_regime1plus,fixed,20,-20,30,29,1248287,69.0,4.31
NVDL,btc_ret20_strong,fixed,20,-15,20,10,1245151,70.0,12.46
PTIR,triple_ma_bull,fixed,25,-20,30,14,1241246,64.3,8.87
CONL,low_vol_bull,fixed,25,-20,30,16,1237933,56.2,7.74
PTIR,month_q2q3_bull,fixed,25,-15,20,8,1235404,75.0,15.46
IREN,month_q4_bull,fixed,15,-20,30,15,1234915,66.7,8.24
CONL,low_vol_breakout,fixed,25,-20,30,16,1233486,56.2,7.72
PTIR,triple_ma_strong_btc,fixed,15,-15,20,16,1231176,68.8,7.7
PTIR,btc_momentum_entry,fixed,20,-15,20,16,1229429,56.2,7.69
IREN,month_q4_bull,fixed,20,-20,30,16,1224226,62.5,7.66
PTIR,triple_ma_strong_btc,fixed,20,-15,20,14,1223689,64.3,8.75
ROBN,btc_momentum_entry,fixed,15,-15,20,10,1219053,70.0,12.2
NVDL,low_vol_bull,fixed,25,-20,30,27,1217503,59.3,4.51
CONL,mon_tue_bull,fixed,15,-15,20,38,1209914,55.3,3.19
ROBN,low_vol_breakout,fixed,30,-20,45,6,1209176,83.3,20.17
ROBN,month_q2q3_bull,fixed,25,-15,20,8,1208525,75.0,15.12
AMDL,dual_btc_qqq_strong,fixed,20,-15,20,10,1208188,60.0,12.09
ROBN,triple_ma_qqq,fixed,30,-20,45,8,1208047,62.5,15.12
NVDL,btc_regime1plus,fixed,15,-15,20,41,1208025,58.5,2.95
ROBN,btc_regime1plus,fixed,30,-20,45,13,1201766,53.8,9.25
ROBN,triple_ma_qqq,fixed,15,-20,30,11,1196217,81.8,10.89
ROBN,dual_btc_qqq_pct,fixed,25,-15,20,13,1178818,61.5,9.08
ROBN,btc_momentum_entry,fixed,20,-20,30,10,1175891,70.0,11.77
ROBN,not_friday_bull,fixed,25,-15,20,14,1175620,57.1,8.41
IREN,month_q4_bull,fixed,25,-15,20,17,1173524,58.8,6.91
NVDL,btc_momentum_entry,fixed,20,-15,20,29,1167775,51.7,4.03
NVDL,btc_regime2_rsi,fixed,20,-20,30,22,1157861,63.6,5.27
NVDL,low_vol_breakout,fixed,20,-15,20,29,1157710,58.6,4.0
NVDL,low_vol_bull,fixed,20,-15,20,33,1155148,57.6,3.5
ROBN,btc_ret5_pos_regime1,fixed,20,-20,30,10,1151714,80.0,11.53
PTIR,low_vol_breakout,fixed,25,-20,30,14,1150511,50.0,8.23
IREN,btc_momentum_entry,fixed,20,-15,20,28,1148084,50.0,4.1
NVDL,btc_regime2_only,fixed,20,-20,30,25,1145871,68.0,4.59
ROBN,triple_ma_bull,fixed,25,-15,20,8,1144385,75.0,14.32
ROBN,btc_ret5_pos_regime1,fixed,15,-20,30,12,1140066,75.0,9.51
PTIR,month_q2q3_bull,fixed,30,-20,45,5,1138262,80.0,22.79
NVDL,not_friday_bull,fixed,20,-15,20,33,1137801,54.5,3.45
CONL,btc_momentum_entry,fixed,25,-15,20,30,1130275,50.0,3.77
ROBN,btc_momentum_entry,fixed,15,-20,30,10,1129797,70.0,11.31
ROBN,dual_btc_qqq_pct,fixed,15,-20,30,14,1128723,71.4,8.07
PTIR,btc_ret5_pos_regime1,fixed,20,-15,20,15,1128070,60.0,7.53
AMDL,mon_tue_bull,fixed,20,-20,30,17,1126608,58.8,6.63
PTIR,triple_ma_bull,fixed,15,-15,20,19,1125901,63.2,5.93
PTIR,month_q4_bull,fixed,30,-20,45,8,1123745,62.5,14.06
ROBN,dual_btc_qqq_pct,fixed,25,-20,30,12,1110173,58.3,9.26
AMDL,dual_btc_qqq_strong,fixed,15,-15,20,10,1109137,70.0,11.1
IREN,month_q2q3_bull,fixed,20,-15,20,16,1108673,56.2,6.94
CONL,triple_ma_bull,fixed,15,-15,20,27,1104423,51.9,4.09
NVDL,btc_regime1plus,fixed,25,-15,20,33,1093774,57.6,3.32
NVDL,btc_regime1plus,fixed,25,-20,30,28,1091987,60.7,3.9
ROBN,variable_size_regime,fixed,15,-15,20,14,1089915,64.3,7.79
ROBN,dual_btc_qqq,fixed,15,-15,20,14,1080960,64.3,7.73
IREN,btc_ret5_pos_regime1,fixed,15,-15,20,35,1080510,57.1,3.09
NVDL,dual_btc_qqq_pct,fixed,15,-20,30,10,1078568,90.0,10.8
PTIR,month_q2q3_bull,fixed,20,-15,20,9,1076079,88.9,11.97
ROBN,btc_ret5_pos_regime1,fixed,15,-15,20,12,1074142,66.7,8.96
PTIR,low_vol_breakout,fixed,20,-20,30,14,1073195,50.0,7.67
ROBN,btc_regime1plus,fixed,25,-20,30,13,1068446,61.5,8.23
ROBN,dual_btc_qqq_pct,fixed,30,-20,45,11,1067883,54.5,9.72
AMDL,mon_tue_bull,fixed,15,-20,30,17,1066101,58.8,6.28
NVDL,not_friday_bull,fixed,25,-15,20,33,1064186,57.6,3.23
ROBN,dual_btc_qqq_pct,fixed,20,-20,30,12,1056175,66.7,8.81
NVDL,btc_regime1plus,fixed,20,-15,20,33,1056144,54.5,3.2
PTIR,month_q2q3_bull,fixed,25,-20,30,6,1052565,83.3,17.56
NVDL,month_q4_bull,fixed,20,-20,30,10,1049745,70.0,10.51
IREN,btc_ret20_strong,fixed,25,-20,30,10,1042315,70.0,10.43
ROBN,triple_ma_qqq,fixed,25,-15,20,12,1040554,66.7,8.68
NVDL,dual_btc_qqq,fixed,15,-20,30,10,1039333,80.0,10.4
NVDL,triple_ma_strong_btc,fixed,20,-15,20,18,1035742,55.6,5.76
PTIR,low_vol_breakout,fixed,20,-15,20,17,1034395,64.7,6.09
PTIR,low_vol_breakout,fixed,25,-15,20,17,1034034,64.7,6.09
NVDL,month_q2q3_bull,fixed,30,-20,45,12,1031449,58.3,8.6
ROBN,not_friday_bull,fixed,25,-20,30,13,1026448,53.8,7.9
NVDL,not_friday_bull,fixed,20,-20,30,28,1024364,64.3,3.66
PTIR,triple_ma_bull,fixed,20,-15,20,17,1023535,58.8,6.03
IREN,month_q4_bull,fixed,30,-20,45,12,1023121,58.3,8.53
PTIR,month_q2q3_bull,fixed,20,-20,30,7,1017434,85.7,14.55
NVDL,not_friday_bull,fixed,25,-20,30,28,1014827,57.1,3.63
PTIR,triple_ma_strong_btc,fixed,30,-20,45,12,1012761,58.3,8.45
ROBN,low_vol_bull,fixed,30,-20,45,7,1000856,71.4,14.31
ROBN,mon_tue_bull,fixed,25,-15,20,11,1000457,63.6,9.1
AMDL,btc_rsi_high_regime,fixed,30,-20,45,15,1000212,46.7,6.67
ROBN,mon_tue_bull,fixed,20,-15,20,12,999408,66.7,8.34
AMDL,btc_regime2_rsi,fixed,30,-20,45,13,999171,53.8,7.69
NVDL,dual_btc_qqq,fixed,30,-20,45,6,983420,83.3,16.41
ROBN,triple_ma_bull,fixed,15,-15,20,10,976865,70.0,9.78
ROBN,btc_rsi_high_regime,fixed,30,-20,45,9,976532,55.6,10.86
IREN,btc_ret20_strong,fixed,20,-20,30,12,969732,66.7,8.09
ROBN,btc_regime1plus,fixed,15,-20,30,16,968077,68.8,6.06
NVDL,btc_regime2_rsi,fixed,20,-15,20,24,965372,54.2,4.03
PTIR,triple_ma_strong_btc,fixed,25,-20,30,13,965094,61.5,7.43
ROBN,btc_regime1plus,fixed,25,-15,20,14,962941,57.1,6.89
NVDL,variable_size_regime,fixed,20,-15,20,32,954783,53.1,2.99
IREN,btc_ret5_pos_regime1,fixed,25,-15,20,28,947496,46.4,3.39
NVDL,dual_btc_qqq_pct,fixed,30,-20,45,6,947072,66.7,15.8
AMDL,mon_tue_bull,fixed,30,-20,45,13,946329,53.8,7.29
AMDL,variable_size_regime_var,variable,20,-20,30,19,939874,52.6,4.06
IREN,month_q2q3_bull,fixed,20,-20,30,15,936423,60.0,6.25
ROBN,mon_tue_bull,fixed,30,-20,45,9,930699,55.6,10.35
ROBN,btc_regime2_rsi,fixed,20,-20,30,9,926207,66.7,10.3
AMDL,low_vol_bull,fixed,20,-20,30,20,925596,55.0,4.63
CONL,mon_tue_bull,fixed,25,-15,20,28,924918,42.9,3.31
ROBN,btc_regime1plus,fixed,20,-20,30,14,920778,64.3,6.58
ROBN,not_friday_bull,fixed,20,-20,30,14,920778,64.3,6.58
ROBN,dual_btc_qqq_strong,fixed,20,-20,30,9,917252,66.7,10.2
AMDL,mon_tue_bull,fixed,25,-15,20,16,915906,50.0,5.73
ROBN,mon_tue_bull,fixed,25,-20,30,9,913325,55.6,10.16
PTIR,btc_ret20_strong,fixed,30,-20,45,4,913307,75.0,22.86
IREN,month_q2q3_bull,fixed,25,-20,30,14,913118,57.1,6.53
PTIR,triple_ma_strong_btc,fixed,20,-20,30,13,912776,61.5,7.03
IREN,month_q4_bull,fixed,15,-15,20,20,912535,60.0,4.57
PTIR,dual_btc_qqq,fixed,15,-15,20,14,910161,78.6,6.51
ROBN,variable_size_regime,fixed,20,-15,20,12,908200,58.3,7.58
NVDL,dual_btc_qqq,fixed,15,-15,20,11,908039,81.8,8.26
AMDL,mon_tue_bull,fixed,25,-20,30,14,903601,50.0,6.46
IREN,btc_ret20_strong,fixed,15,-20,30,15,903353,66.7,6.03
IREN,month_q2q3_bull,fixed,15,-15,20,18,900441,61.1,5.01
ROBN,dual_btc_qqq,fixed,20,-15,20,12,899245,58.3,7.5
PTIR,dual_btc_qqq_pct,fixed,15,-15,20,14,896335,71.4,6.41
NVDL,low_vol_breakout,fixed,20,-20,30,26,889210,53.8,3.42
ROBN,low_vol_breakout,fixed,25,-15,20,6,885907,83.3,14.78
ROBN,not_friday_bull,fixed,15,-20,30,16,882570,68.8,5.52
ROBN,low_vol_breakout,fixed,25,-20,30,6,873393,66.7,14.57
IREN,btc_ret5_pos_regime1,fixed,20,-15,20,30,869694,50.0,2.9
CONL,dual_btc_qqq_strong,fixed,30,-20,45,8,867175,50.0,10.85
NVDL,dual_btc_qqq_strong,fixed,30,-20,45,5,867113,60.0,17.36
PTIR,month_q2q3_bull,fixed,15,-20,30,7,866937,85.7,12.4
ROBN,low_vol_breakout,fixed,15,-15,20,7,865165,85.7,12.37
ROBN,triple_ma_qqq,fixed,15,-15,20,13,861165,61.5,6.63
CONL,low_vol_breakout,fixed,15,-20,30,18,857192,61.1,4.77
IREN,month_q2q3_bull,fixed,15,-20,30,17,854607,64.7,5.03
NVDL,month_q4_bull,fixed,15,-20,30,11,847288,72.7,7.71
NVDL,month_q2q3_bull,fixed,25,-20,30,14,844778,57.1,6.04
PTIR,triple_ma_bull,fixed,20,-20,30,14,839034,57.1,6.0
ROBN,mon_tue_bull,fixed,20,-20,30,11,832593,63.6,7.58
PTIR,dual_btc_qqq,fixed,15,-20,30,10,829582,80.0,8.3
PTIR,dual_btc_qqq_pct,fixed,15,-20,30,10,829582,80.0,8.3
PTIR,triple_ma_bull,fixed,30,-20,45,13,828300,53.8,6.38
ROBN,mon_tue_bull,fixed,15,-15,20,12,824490,66.7,6.88
ROBN,dual_btc_qqq_pct,fixed,15,-15,20,15,818965,60.0,5.47
NVDL,dual_btc_qqq_pct,fixed,20,-20,30,9,817851,88.9,9.1
AMDL,btc_regime2_only,fixed,30,-20,45,16,805557,43.8,5.04
AMDL,variable_size_regime_var,variable,30,-20,45,17,804482,41.2,2.2
CONL,low_vol_bull,fixed,15,-20,30,20,799516,60.0,4.0
ROBN,btc_rsi_high_regime,fixed,25,-15,20,11,785783,54.5,7.15
ROBN,low_vol_breakout,fixed,20,-15,20,6,784709,83.3,13.09
NVDL,dual_btc_qqq,fixed,20,-20,30,9,782389,77.8,8.7
PTIR,month_q2q3_bull,fixed,15,-15,20,12,777392,66.7,6.48
CONL,low_vol_bull,fixed,15,-15,20,22,774139,54.5,3.52
ROBN,low_vol_breakout,fixed,20,-20,30,6,772195,66.7,12.88
AMDL,variable_size_regime,fixed,20,-20,30,19,771547,52.6,4.06
NVDL,not_friday_bull,fixed,15,-15,20,38,759849,55.3,2.0
ROBN,btc_regime2_rsi,fixed,20,-15,20,10,758621,60.0,7.59
NVDL,dual_btc_qqq_pct,fixed,25,-20,30,9,758472,77.8,8.44
ROBN,triple_ma_qqq,fixed,20,-15,20,12,755659,58.3,6.3
AMDL,low_vol_breakout,fixed,25,-15,20,18,750962,44.4,4.18
NVDL,btc_momentum_entry,fixed,20,-20,30,23,750789,60.9,3.27
ROBN,dual_btc_qqq_strong,fixed,20,-15,20,10,749666,60.0,7.5
AMDL,mon_tue_bull,fixed,15,-15,20,19,744476,52.6,3.92
ROBN,btc_regime2_rsi,fixed,15,-15,20,11,739473,63.6,6.73
ROBN,btc_regime1plus,fixed,15,-15,20,17,738845,58.8,4.35
AMDL,variable_size_regime_var,variable,15,-20,30,19,737352,52.6,3.48
ROBN,dual_btc_qqq_strong,fixed,15,-15,20,11,730518,63.6,6.65
NVDL,dual_btc_qqq_pct,fixed,15,-15,20,11,729462,72.7,6.64
ROBN,btc_regime1plus,fixed,20,-15,20,15,727012,53.3,4.85
ROBN,not_friday_bull,fixed,20,-15,20,15,727012,53.3,4.85
NVDL,triple_ma_qqq,fixed,25,-15,20,9,724091,66.7,8.05
AMDL,btc_ret5_pos_regime1,fixed,30,-20,45,15,711681,46.7,4.75
AMDL,low_vol_bull,fixed,25,-15,20,22,710446,40.9,3.23
NVDL,month_q2q3_bull,fixed,25,-15,20,16,710412,56.2,4.44
ROBN,triple_ma_bull,fixed,20,-15,20,10,709616,60.0,7.1
PTIR,btc_ret20_strong,fixed,25,-20,30,4,705792,75.0,17.66
CONL,dual_btc_qqq,fixed,30,-20,45,8,701069,50.0,8.77
ROBN,btc_ret20_strong,fixed,15,-15,20,3,700304,100.0,23.37
ROBN,btc_ret20_strong,fixed,15,-20,30,3,700304,100.0,23.37
CONL,low_vol_breakout,fixed,15,-15,20,20,697418,55.0,3.49
PTIR,dual_btc_qqq_strong,fixed,15,-20,30,9,692796,77.8,7.71
CONL,mon_tue_bull,fixed,20,-15,20,34,691013,47.1,2.03
ROBN,triple_ma_strong_btc,fixed,25,-15,20,6,688249,66.7,11.48
PTIR,btc_ret20_strong,fixed,20,-20,30,5,687163,80.0,13.76
ROBN,triple_ma_strong_btc,fixed,20,-20,30,5,687119,80.0,13.76
ROBN,low_vol_bull,fixed,25,-15,20,7,677587,71.4,9.69
NVDL,dual_btc_qqq,fixed,20,-15,20,11,674767,72.7,6.14
NVDL,dual_btc_qqq,fixed,25,-15,20,11,674767,72.7,6.14
NVDL,dual_btc_qqq,fixed,25,-20,30,9,672100,66.7,7.48
ROBN,low_vol_bull,fixed,25,-20,30,7,665074,57.1,9.51
AMDL,low_vol_bull,fixed,15,-20,30,19,663895,52.6,3.5
PTIR,dual_btc_qqq_pct,fixed,25,-15,20,12,663709,58.3,5.54
AMDL,variable_size_regime,fixed,15,-20,30,19,660915,52.6,3.48
AMDL,btc_rsi_high_regime,fixed,25,-20,30,16,653736,43.8,4.09
ROBN,not_friday_bull,fixed,15,-15,20,17,653338,58.8,3.85
ROBN,mon_tue_bull,fixed,15,-20,30,12,649527,66.7,5.42
NVDL,dual_btc_qqq_strong,fixed,25,-20,30,6,649406,66.7,10.83
AMDL,low_vol_breakout,fixed,15,-20,30,19,645617,57.9,3.4
AMDL,variable_size_regime_var,variable,25,-15,20,21,644713,38.1,2.86
ROBN,dual_btc_qqq_pct,fixed,20,-15,20,13,637686,53.8,4.91
NVDL,month_q2q3_bull,fixed,15,-20,30,16,634744,68.8,3.97
ROBN,btc_regime2_rsi,fixed,15,-20,30,11,628525,63.6,5.72
ROBN,dual_btc_qqq_strong,fixed,15,-20,30,11,619570,63.6,5.64
ROBN,btc_rsi_high_regime,fixed,25,-20,30,10,615829,60.0,6.16
NVDL,dual_btc_qqq_strong,fixed,15,-20,30,6,609923,83.3,10.18
ROBN,btc_ret5_pos_regime1,fixed,20,-15,20,11,609485,54.5,5.55
PTIR,dual_btc_qqq_pct,fixed,20,-20,30,9,608681,66.7,6.77
PTIR,dual_btc_qqq,fixed,20,-20,30,9,608681,66.7,6.77
AMDL,not_friday_bull,fixed,20,-20,30,19,606193,52.6,3.19
AMDL,not_friday_bull,fixed,15,-20,30,19,606053,52.6,3.19
ROBN,triple_ma_strong_btc,fixed,15,-15,20,7,605845,71.4,8.66
ROBN,triple_ma_strong_btc,fixed,30,-20,45,5,604642,60.0,12.1
AMDL,variable_size_regime,fixed,25,-15,20,21,599913,38.1,2.86
PTIR,dual_btc_qqq,fixed,25,-15,20,11,599381,63.6,5.45
AMDL,btc_regime2_rsi,fixed,25,-20,30,14,599083,42.9,4.28
NVDL,dual_btc_qqq_strong,fixed,20,-20,30,6,597108,83.3,9.96
AMDL,btc_regime2_rsi,fixed,20,-20,30,16,595960,56.2,3.73
ROBN,btc_regime2_rsi,fixed,25,-15,20,10,594982,60.0,5.96
CONL,low_vol_bull,fixed,20,-20,30,18,591803,55.6,3.29
ROBN,low_vol_bull,fixed,15,-15,20,8,591521,75.0,7.4
CONL,low_vol_breakout,fixed,20,-20,30,18,587356,55.6,3.27
AMDL,btc_regime2_rsi,fixed,15,-20,30,16,586760,56.2,3.67
ROBN,dual_btc_qqq_strong,fixed,25,-15,20,10,585846,60.0,5.86
NVDL,triple_ma_qqq,fixed,20,-15,20,9,584367,77.8,6.5
ROBN,btc_regime2_only,fixed,20,-20,30,10,583077,60.0,5.84
NVDL,month_q2q3_bull,fixed,15,-15,20,19,582086,63.2,3.07
ROBN,triple_ma_strong_btc,fixed,25,-20,30,5,581920,80.0,11.65
ROBN,not_friday_bull,fixed,30,-20,45,11,579391,45.5,5.27
AMDL,low_vol_bull,fixed,30,-20,45,16,578922,43.8,3.62
ROBN,low_vol_breakout,fixed,15,-20,30,7,578583,71.4,8.27
CONL,dual_btc_qqq,fixed,15,-15,20,12,578169,50.0,4.82
ROBN,low_vol_bull,fixed,20,-15,20,7,576389,71.4,8.24
AMDL,btc_ret5_pos_regime1,fixed,15,-15,20,21,575887,47.6,2.75
ROBN,btc_rsi_high_regime,fixed,15,-20,30,12,572890,66.7,4.78
AMDL,month_q4_bull,fixed,15,-20,30,10,571625,60.0,5.72
CONL,low_vol_bull,fixed,25,-15,20,18,570333,44.4,3.17
ROBN,btc_ret5_pos_regime1,fixed,25,-15,20,11,564090,54.5,5.13
ROBN,low_vol_bull,fixed,20,-20,30,7,563876,57.1,8.06
ROBN,btc_regime2_rsi,fixed,25,-20,30,9,560780,66.7,6.24
AMDL,low_vol_breakout,fixed,20,-20,30,18,555996,55.6,3.09
IREN,month_q4_bull,fixed,20,-15,20,20,552883,55.0,2.77
ROBN,dual_btc_qqq_strong,fixed,25,-20,30,9,551644,66.7,6.14
ROBN,btc_regime2_only,fixed,20,-15,20,11,549566,54.5,5.0
CONL,low_vol_bull,fixed,20,-15,20,19,546284,47.4,2.88
AMDL,low_vol_bull,fixed,25,-20,30,17,541556,41.2,3.19
CONL,dual_btc_qqq_pct,fixed,15,-15,20,14,535159,50.0,3.83
PTIR,dual_btc_qqq_strong,fixed,20,-20,30,8,530490,62.5,6.64
ROBN,btc_regime2_only,fixed,15,-15,20,12,530419,58.3,4.42
ROBN,btc_rsi_high_regime,fixed,20,-15,20,12,530045,58.3,4.42
NVDL,month_q4_bull,fixed,15,-15,20,16,528849,56.2,3.31
PTIR,dual_btc_qqq,fixed,20,-15,20,11,525785,63.6,4.78
PTIR,dual_btc_qqq_pct,fixed,20,-15,20,13,524117,53.8,4.04
ROBN,triple_ma_strong_btc,fixed,15,-20,30,7,521375,71.4,7.46
AMDL,btc_regime2_rsi,fixed,25,-15,20,16,519419,43.8,3.25
AMDL,month_q2q3_bull,fixed,20,-20,30,16,512962,56.2,3.21
NVDL,triple_ma_qqq,fixed,15,-15,20,9,511881,77.8,5.69
MSTU,variable_size_regime,fixed,15,-15,20,23,509800,47.8,2.22
AMDL,month_q2q3_bull,fixed,30,-20,45,12,504575,50.0,4.21
MSTU,variable_size_regime_var,variable,15,-15,20,23,501473,47.8,2.22
NVDL,triple_ma_qqq,fixed,30,-20,45,4,500027,50.0,12.51
AMDL,btc_regime1plus,fixed,20,-20,30,20,498630,50.0,2.5
AMDL,btc_regime1plus,fixed,15,-20,30,20,498490,50.0,2.49
AMDL,month_q2q3_bull,fixed,15,-20,30,16,497704,56.2,3.11
NVDL,dual_btc_qqq_pct,fixed,20,-15,20,11,496190,63.6,4.52
NVDL,dual_btc_qqq_pct,fixed,25,-15,20,11,496190,63.6,4.52
ROBN,btc_regime2_rsi,fixed,30,-20,45,8,495820,50.0,6.2
ROBN,triple_ma_strong_btc,fixed,20,-15,20,6,493055,66.7,8.23
NVDL,month_q4_bull,fixed,25,-20,30,9,491326,66.7,5.46
AMDL,btc_ret5_pos_regime1,fixed,25,-20,30,18,489864,50.0,2.72
ROBN,dual_btc_qqq_strong,fixed,30,-20,45,8,485757,50.0,6.08
ROBN,btc_regime2_only,fixed,25,-15,20,11,484533,54.5,4.41
PTIR,btc_ret20_strong,fixed,20,-15,20,5,484469,60.0,9.7
AMDL,btc_rsi_high_regime,fixed,20,-20,30,18,482613,50.0,2.68
AMDL,mon_tue_bull,fixed,20,-15,20,18,478448,50.0,2.66
AMDL,month_q2q3_bull,fixed,25,-15,20,15,471769,46.7,3.15
ROBN,btc_rsi_high_regime,fixed,15,-15,20,12,466724,58.3,3.89
CONL,dual_btc_qqq,fixed,25,-20,30,9,462328,44.4,5.14
AMDL,btc_ret20_strong,fixed,30,-20,45,4,450539,75.0,11.27
NVDL,dual_btc_qqq_strong,fixed,25,-15,20,7,446485,57.1,6.38
CONL,low_vol_breakout,fixed,25,-15,20,18,436941,44.4,2.43
MSTU,btc_momentum_entry,fixed,15,-15,20,18,432093,50.0,2.4
AMDL,btc_regime2_only,fixed,20,-20,30,18,428521,50.0,2.38
AMDL,btc_regime2_only,fixed,25,-20,30,17,427536,41.2,2.52
CONL,month_q2q3_bull,fixed,30,-20,45,11,423871,45.5,3.86
CONL,dual_btc_qqq_pct,fixed,25,-15,20,12,420444,41.7,3.51
NVDL,month_q4_bull,fixed,20,-15,20,13,417292,53.8,3.21
NVDL,month_q4_bull,fixed,25,-15,20,13,417292,53.8,3.21
PTIR,triple_ma_qqq,fixed,15,-20,30,12,416327,66.7,3.47
AMDL,low_vol_breakout,fixed,30,-20,45,14,414627,50.0,2.96
AMDL,triple_ma_qqq,fixed,20,-15,20,12,412059,58.3,3.44
CONL,dual_btc_qqq,fixed,20,-15,20,10,404826,50.0,4.05
AMDL,btc_regime2_rsi,fixed,20,-15,20,17,395734,47.1,2.33
AMDL,month_q2q3_bull,fixed,25,-20,30,14,393535,42.9,2.81
ROBN,btc_rsi_high_regime,fixed,20,-20,30,11,391192,54.5,3.56
AMDL,btc_ret5_pos_regime1,fixed,15,-20,30,19,389153,47.4,2.05
CONL,triple_ma_qqq,fixed,20,-20,30,6,389040,66.7,6.49
NVDL,month_q2q3_bull,fixed,20,-20,30,15,387492,60.0,2.59
AMDL,btc_rsi_high_regime,fixed,15,-20,30,18,387322,50.0,2.15
AMDL,month_q4_bull,fixed,20,-20,30,8,385106,50.0,4.82
PTIR,btc_ret20_strong,fixed,25,-15,20,5,385090,60.0,7.71
CONL,dual_btc_qqq_pct,fixed,30,-20,45,9,383184,44.4,4.26
AMDL,btc_ret5_pos_regime1,fixed,25,-15,20,20,379873,45.0,1.9
AMDL,btc_ret5_pos_regime1,fixed,20,-20,30,18,376586,44.4,2.09
AMDL,variable_size_regime,fixed,30,-20,45,17,373051,41.2,2.2
AMDL,not_friday_bull,fixed,25,-15,20,22,362373,36.4,1.65
CONL,dual_btc_qqq_pct,fixed,20,-15,20,12,361817,50.0,3.02
NVDL,triple_ma_qqq,fixed,20,-20,30,6,353756,66.7,5.9
NVDL,dual_btc_qqq_strong,fixed,20,-15,20,7,350103,57.1,5.01
AMDL,btc_regime1plus,fixed,25,-15,20,22,349860,36.4,1.59
AMDL,month_q2q3_bull,fixed,15,-15,20,17,347997,52.9,2.05
ROBN,low_vol_bull,fixed,15,-20,30,8,340403,62.5,4.26
PTIR,dual_btc_qqq,fixed,30,-20,45,7,338883,57.1,4.85
PTIR,dual_btc_qqq_pct,fixed,30,-20,45,7,338883,57.1,4.85
AMDL,variable_size_regime,fixed,25,-20,30,18,335684,38.9,1.87
AMDL,btc_regime2_only,fixed,15,-20,30,18,333230,50.0,1.85
AMDL,btc_ret5_pos_regime1,fixed,20,-15,20,20,330349,45.0,1.65
AMDL,low_vol_breakout,fixed,25,-20,30,15,323927,40.0,2.16
AMDL,btc_regime2_rsi,fixed,15,-15,20,17,321850,47.1,1.9
CONL,month_q2q3_bull,fixed,15,-15,20,22,318580,50.0,1.45
PTIR,triple_ma_qqq,fixed,30,-20,45,10,312182,50.0,3.12
AMDL,triple_ma_qqq,fixed,15,-15,20,12,309934,58.3,2.59
NVDL,month_q2q3_bull,fixed,20,-15,20,17,309356,52.9,1.82
CONL,month_q2q3_bull,fixed,20,-15,20,16,307773,43.8,1.93
AMDL,triple_ma_bull,fixed,20,-20,30,9,307627,55.6,3.42
AMDL,variable_size_regime,fixed,15,-15,20,25,300378,44.0,1.2
MSTU,btc_regime2_rsi,fixed,20,-15,20,19,299029,42.1,1.58
NVDL,dual_btc_qqq_strong,fixed,15,-15,20,7,298135,57.1,4.26
CONL,low_vol_breakout,fixed,20,-15,20,18,296362,44.4,1.65
MSTU,month_q4_bull,fixed,15,-15,20,19,292409,42.1,1.54
AMDL,triple_ma_qqq,fixed,20,-20,30,8,290242,62.5,3.63
CONL,dual_btc_qqq_pct,fixed,25,-20,30,12,287914,41.7,2.4
ROBN,btc_regime2_only,fixed,15,-20,30,12,285396,58.3,2.38
CONL,triple_ma_qqq,fixed,15,-20,30,7,276537,71.4,3.95
AMDL,variable_size_regime,fixed,20,-15,20,24,275615,41.7,1.15
AMDL,btc_momentum_entry,fixed,25,-15,20,18,275311,38.9,1.53
MSTU,btc_regime2_rsi,fixed,15,-15,20,20,274183,45.0,1.37
PTIR,dual_btc_qqq_strong,fixed,15,-15,20,9,271487,66.7,3.02
NVDL,triple_ma_qqq,fixed,25,-20,30,6,267685,50.0,4.47
PTIR,dual_btc_qqq_strong,fixed,25,-15,20,8,263064,62.5,3.29
PTIR,dual_btc_qqq_strong,fixed,20,-15,20,8,263064,62.5,3.29
PTIR,dual_btc_qqq_strong,fixed,30,-20,45,7,262492,57.1,3.75
AMDL,low_vol_breakout,fixed,15,-15,20,22,251806,50.0,1.15
MSTU,month_q2q3_bull,fixed,25,-15,20,9,251626,55.6,2.8
AMDL,triple_ma_bull,fixed,15,-20,30,9,251165,55.6,2.79
MSTU,variable_size_regime,fixed,20,-15,20,21,246238,42.9,1.17
CONL,month_q2q3_bull,fixed,15,-20,30,18,237870,55.6,1.32
CONL,dual_btc_qqq_strong,fixed,15,-15,20,11,236608,45.5,2.15
AMDL,triple_ma_qqq,fixed,15,-20,30,8,233779,62.5,2.93
AMDL,btc_ret20_strong,fixed,25,-20,30,5,231205,40.0,4.63
NVDL,month_q4_bull,fixed,30,-20,45,7,224327,28.6,3.21
MSTU,variable_size_regime,fixed,25,-15,20,20,219389,40.0,1.1
CONL,dual_btc_qqq,fixed,25,-15,20,9,218267,44.4,2.43
ROBN,btc_regime2_only,fixed,25,-20,30,10,217651,60.0,2.18
CONL,dual_btc_qqq_strong,fixed,25,-15,20,8,217114,37.5,2.72
MSTU,btc_momentum_entry,fixed,25,-15,20,14,211403,42.9,1.51
CONL,dual_btc_qqq,fixed,20,-20,30,9,211280,44.4,2.35
PTIR,triple_ma_qqq,fixed,25,-15,20,15,206408,53.3,1.38
AMDL,not_friday_bull,fixed,15,-15,20,26,204405,42.3,0.79
AMDL,btc_momentum_entry,fixed,20,-15,20,18,200535,38.9,1.12
CONL,triple_ma_qqq,fixed,25,-15,20,8,198852,50.0,2.49
PTIR,dual_btc_qqq_strong,fixed,25,-20,30,7,196850,57.1,2.81
MSTU,mon_tue_bull,fixed,25,-15,20,14,187003,42.9,1.34
MSTU,mon_tue_bull,fixed,15,-15,20,15,186598,46.7,1.25
MSTU,mon_tue_bull,fixed,20,-15,20,15,186598,46.7,1.25
AMDL,btc_rsi_high_regime,fixed,25,-15,20,19,183969,36.8,0.97
MSTU,month_q4_bull,fixed,20,-15,20,18,180302,38.9,1.0
AMDL,btc_regime1plus,fixed,15,-15,20,26,172446,42.3,0.66
NVDL,triple_ma_qqq,fixed,15,-20,30,7,171456,57.1,2.45
PTIR,triple_ma_qqq,fixed,25,-20,30,10,162833,50.0,1.63
AMDL,btc_regime2_only,fixed,25,-15,20,20,160043,35.0,0.8
CONL,btc_ret5_pos_regime1,fixed,25,-15,20,35,154153,40.0,0.44
ROBN,btc_regime2_only,fixed,30,-20,45,9,152691,44.4,1.7
AMDL,variable_size_regime_var,variable,20,-15,20,24,145720,41.7,1.15
AMDL,triple_ma_bull,fixed,25,-15,20,11,144892,45.5,1.32
AMDL,triple_ma_strong_btc,fixed,25,-20,30,8,144593,50.0,1.81
PTIR,dual_btc_qqq_pct,fixed,25,-20,30,9,134584,55.6,1.5
PTIR,dual_btc_qqq,fixed,25,-20,30,9,134584,55.6,1.5
AMDL,not_friday_bull,fixed,30,-20,45,16,131791,37.5,0.82
MSTU,triple_ma_qqq,fixed,15,-20,30,5,128124,60.0,2.57
MSTU,triple_ma_bull,fixed,15,-20,30,5,128124,60.0,2.57
AMDL,month_q4_bull,fixed,30,-20,45,7,127493,42.9,1.82
CONL,dual_btc_qqq,fixed,15,-20,30,12,124743,50.0,1.04
AMDL,triple_ma_bull,fixed,25,-20,30,8,119486,50.0,1.5
MSTU,btc_momentum_entry,fixed,20,-15,20,17,112994,41.2,0.67
CONL,dual_btc_qqq_strong,fixed,25,-20,30,8,111833,37.5,1.4
AMDL,btc_momentum_entry,fixed,15,-15,20,18,101925,38.9,0.57
AMDL,btc_regime1plus,fixed,30,-20,45,16,95631,37.5,0.6
PTIR,triple_ma_qqq,fixed,20,-20,30,10,93700,50.0,0.94
MSTU,month_q2q3_bull,fixed,20,-15,20,9,93466,55.6,1.04
AMDL,btc_ret20_strong,fixed,25,-15,20,5,90279,40.0,1.81
IREN,btc_ret20_strong,fixed,25,-15,20,12,87674,41.7,0.73
PTIR,triple_ma_qqq,fixed,15,-15,20,18,80747,50.0,0.45
AMDL,btc_ret20_strong,fixed,20,-20,30,5,79747,40.0,1.6
AMDL,variable_size_regime_var,variable,25,-20,30,18,77612,38.9,1.87
AMDL,btc_rsi_high_regime,fixed,20,-15,20,20,75369,40.0,0.38
AMDL,month_q4_bull,fixed,20,-15,20,11,73987,36.4,0.67
AMDL,not_friday_bull,fixed,20,-15,20,25,71250,40.0,0.29
AMDL,triple_ma_qqq,fixed,25,-20,30,7,65954,57.1,0.94
MSTU,not_friday_bull,fixed,15,-15,20,25,64290,44.0,0.26
AMDL,triple_ma_strong_btc,fixed,20,-20,30,8,60545,50.0,0.76
AMDL,month_q2q3_bull,fixed,20,-15,20,16,57033,50.0,0.36
MSTU,triple_ma_strong_btc,fixed,15,-15,20,5,54689,60.0,1.09
AMDL,btc_regime2_only,fixed,20,-15,20,21,51443,38.1,0.25
AMDL,month_q4_bull,fixed,25,-15,20,9,51116,33.3,0.57
MSTU,month_q2q3_bull,fixed,15,-15,20,10,50011,60.0,0.5
IREN,btc_ret20_strong,fixed,20,-15,20,12,49976,41.7,0.42
AMDL,btc_ret20_strong,fixed,15,-20,30,5,49870,40.0,1.0
CONL,dual_btc_qqq_strong,fixed,20,-15,20,9,45703,44.4,0.51
MSTU,triple_ma_qqq,fixed,15,-15,20,7,44802,57.1,0.64
MSTU,triple_ma_bull,fixed,15,-15,20,7,44802,57.1,0.64
AMDL,btc_momentum_entry,fixed,25,-20,30,14,43958,35.7,0.31
MSTU,btc_regime2_rsi,fixed,25,-15,20,18,42259,38.9,0.24
AMDL,btc_regime1plus,fixed,20,-15,20,25,39292,40.0,0.16
AMDL,btc_ret20_strong,fixed,20,-15,20,5,34052,40.0,0.68
CONL,triple_ma_qqq,fixed,30,-20,45,7,31416,42.9,0.45
AMDL,low_vol_breakout,fixed,20,-15,20,20,28915,45.0,0.14
CONL,dual_btc_qqq_pct,fixed,20,-20,30,11,27893,45.5,0.25
MSTU,btc_regime1plus,fixed,15,-15,20,25,22443,44.0,0.09
AMDL,month_q4_bull,fixed,15,-15,20,13,18649,38.5,0.14
AMDL,low_vol_bull,fixed,15,-15,20,24,18047,41.7,0.08
AMDL,btc_momentum_entry,fixed,30,-20,45,14,14292,35.7,0.1
MSTU,btc_rsi_high_regime,fixed,15,-15,20,23,8627,43.5,0.04
AMDL,btc_regime1plus,fixed,25,-20,30,19,6824,36.8,0.04
AMDL,btc_ret20_strong,fixed,15,-15,20,5,4176,40.0,0.08
AMDL,not_friday_bull,fixed,25,-20,30,19,2542,36.8,0.01
AMDL,month_q4_bull,fixed,25,-20,30,8,2340,37.5,0.03
AMDL,triple_ma_qqq,fixed,25,-15,20,10,645,50.0,0.01
AMDL,variable_size_regime_var,variable,15,-15,20,25,-4797,44.0,1.2
MSTU,mon_tue_bull,fixed,25,-20,30,13,-5424,38.5,-0.04
AMDL,low_vol_bull,fixed,20,-15,20,23,-6715,39.1,-0.03
IREN,btc_ret20_strong,fixed,15,-15,20,15,-15709,46.7,-0.1
MSTU,variable_size_regime_var,variable,20,-15,20,21,-25652,42.9,1.17
MSTU,month_q2q3_bull,fixed,25,-20,30,8,-25934,50.0,-0.32
AMDL,btc_momentum_entry,fixed,15,-20,30,16,-26917,43.8,-0.17
MSTU,triple_ma_strong_btc,fixed,25,-20,30,3,-34465,33.3,-1.15
MSTU,btc_momentum_entry,fixed,30,-20,45,14,-34639,35.7,-0.25
CONL,month_q2q3_bull,fixed,20,-20,30,13,-35908,46.2,-0.28
AMDL,triple_ma_strong_btc,fixed,15,-20,30,8,-38534,50.0,-0.48
CONL,month_q2q3_bull,fixed,25,-20,30,15,-38964,40.0,-0.26
MSTU,triple_ma_strong_btc,fixed,20,-15,20,3,-41632,33.3,-1.39
MSTU,month_q2q3_bull,fixed,15,-20,30,8,-44083,62.5,-0.55
MSTU,triple_ma_strong_btc,fixed,15,-20,30,4,-50172,50.0,-1.26
CONL,dual_btc_qqq_pct,fixed,15,-20,30,14,-58645,50.0,-0.42
MSTU,triple_ma_strong_btc,fixed,20,-20,30,3,-69408,33.3,-2.32
CONL,triple_ma_qqq,fixed,20,-15,20,6,-72687,50.0,-1.21
MSTU,mon_tue_bull,fixed,15,-20,30,15,-74268,46.7,-0.5
MSTU,mon_tue_bull,fixed,20,-20,30,15,-74268,46.7,-0.5
AMDL,triple_ma_strong_btc,fixed,30,-20,45,7,-75438,28.6,-1.08
AMDL,btc_rsi_high_regime,fixed,15,-15,20,20,-82507,40.0,-0.41
CONL,triple_ma_qqq,fixed,15,-15,20,8,-91565,50.0,-1.15
AMDL,btc_momentum_entry,fixed,20,-20,30,15,-96546,40.0,-0.64
AMDL,btc_regime2_only,fixed,15,-15,20,21,-106433,38.1,-0.51
MSTU,low_vol_breakout,fixed,25,-15,20,3,-108988,66.7,-3.64
MSTU,btc_ret5_pos_regime1,fixed,15,-15,20,20,-119227,45.0,-0.6
MSTU,btc_regime2_only,fixed,20,-15,20,23,-121524,39.1,-0.53
AMDL,triple_ma_bull,fixed,20,-15,20,12,-123310,41.7,-1.03
MSTU,month_q2q3_bull,fixed,30,-20,45,6,-131403,33.3,-2.19
PTIR,triple_ma_qqq,fixed,20,-15,20,15,-132592,46.7,-0.88
MSTU,low_vol_breakout,fixed,15,-15,20,4,-135916,50.0,-3.4
MSTU,low_vol_breakout,fixed,20,-15,20,4,-135916,50.0,-3.4
MSTU,month_q4_bull,fixed,15,-20,30,16,-136425,37.5,-0.85
MSTU,month_q4_bull,fixed,20,-20,30,16,-136425,37.5,-0.85
CONL,dual_btc_qqq_strong,fixed,20,-20,30,8,-140833,37.5,-1.76
MSTU,triple_ma_qqq,fixed,25,-20,30,3,-141709,33.3,-4.73
MSTU,triple_ma_bull,fixed,25,-20,30,3,-141709,33.3,-4.73
MSTU,btc_ret20_strong,fixed,20,-15,20,7,-152659,42.9,-2.18
MSTU,btc_ret20_strong,fixed,15,-15,20,7,-152659,42.9,-2.18
AMDL,triple_ma_bull,fixed,15,-15,20,12,-153355,41.7,-1.28
MSTU,month_q2q3_bull,fixed,20,-20,30,8,-166012,50.0,-2.08
MSTU,btc_rsi_high_regime,fixed,20,-15,20,21,-167465,38.1,-0.8
MSTU,variable_size_regime_var,variable,25,-15,20,20,-168481,40.0,1.1
MSTU,triple_ma_qqq,fixed,25,-15,20,4,-175106,25.0,-4.38
MSTU,triple_ma_bull,fixed,25,-15,20,4,-175106,25.0,-4.38
MSTU,triple_ma_bull,fixed,20,-20,30,3,-175734,33.3,-5.86
MSTU,triple_ma_qqq,fixed,20,-20,30,3,-175734,33.3,-5.86
MSTU,btc_regime2_only,fixed,15,-15,20,26,-178609,42.3,-0.69
AMDL,triple_ma_qqq,fixed,30,-20,45,5,-180686,40.0,-3.62
MSTU,btc_ret20_strong,fixed,25,-15,20,6,-186469,33.3,-3.11
MSTU,variable_size_regime,fixed,30,-20,45,16,-199297,31.2,-1.25
MSTU,triple_ma_qqq,fixed,30,-20,45,4,-200652,25.0,-5.02
MSTU,triple_ma_bull,fixed,30,-20,45,4,-200652,25.0,-5.02
MSTU,not_friday_bull,fixed,20,-15,20,23,-202454,39.1,-0.88
MSTU,triple_ma_qqq,fixed,20,-15,20,4,-209132,25.0,-5.23
MSTU,triple_ma_bull,fixed,20,-15,20,4,-209132,25.0,-5.23
CONL,triple_ma_qqq,fixed,25,-20,30,7,-236500,42.9,-3.38
MSTU,btc_regime1plus,fixed,20,-15,20,23,-241120,39.1,-1.05
MSTU,month_q4_bull,fixed,30,-20,45,13,-248181,30.8,-1.91
MSTU,low_vol_bull,fixed,25,-15,20,6,-249476,50.0,-4.16
MSTU,low_vol_bull,fixed,20,-15,20,6,-249476,50.0,-4.16
MSTU,btc_ret20_strong,fixed,20,-20,30,7,-250822,42.9,-3.59
MSTU,btc_ret20_strong,fixed,15,-20,30,7,-250822,42.9,-3.59
MSTU,btc_momentum_entry,fixed,25,-20,30,14,-251635,35.7,-1.8
MSTU,triple_ma_strong_btc,fixed,25,-15,20,4,-254989,25.0,-6.38
AMDL,triple_ma_strong_btc,fixed,20,-15,20,8,-263446,37.5,-3.3
MSTU,btc_rsi_high_regime,fixed,25,-15,20,20,-265910,35.0,-1.33
MSTU,not_friday_bull,fixed,25,-15,20,22,-267969,36.4,-1.22
MSTU,btc_regime1plus,fixed,25,-15,20,22,-267969,36.4,-1.22
CONL,month_q2q3_bull,fixed,25,-15,20,18,-279322,33.3,-1.55
MSTU,btc_ret20_strong,fixed,25,-20,30,6,-284632,33.3,-4.75
CONL,dual_btc_qqq_strong,fixed,15,-20,30,11,-284929,45.5,-2.59
MSTU,variable_size_regime,fixed,15,-20,30,22,-310325,45.5,-1.41
MSTU,dual_btc_qqq_strong,fixed,25,-15,20,5,-311386,40.0,-6.23
AMDL,triple_ma_strong_btc,fixed,15,-15,20,8,-312930,37.5,-3.92
MSTU,btc_regime2_rsi,fixed,25,-20,30,18,-318046,38.9,-1.77
MSTU,variable_size_regime,fixed,25,-20,30,20,-328357,40.0,-1.64
MSTU,dual_btc_qqq_strong,fixed,15,-15,20,5,-331205,40.0,-6.63
MSTU,dual_btc_qqq_strong,fixed,20,-15,20,5,-331205,40.0,-6.63
MSTU,btc_ret5_pos_regime1,fixed,15,-20,30,18,-336448,44.4,-1.87
MSTU,btc_momentum_entry,fixed,15,-20,30,17,-349905,41.2,-2.06
MSTU,mon_tue_bull,fixed,30,-20,45,11,-350033,27.3,-3.19
MSTU,btc_regime2_rsi,fixed,30,-20,45,14,-369208,28.6,-2.64
MSTU,btc_regime2_rsi,fixed,20,-20,30,18,-390272,38.9,-2.17
AMDL,triple_ma_bull,fixed,30,-20,45,7,-391041,28.6,-5.59
AMDL,triple_ma_strong_btc,fixed,25,-15,20,8,-392694,37.5,-4.91
MSTU,btc_regime2_only,fixed,25,-20,30,20,-402630,40.0,-2.02
MSTU,low_vol_breakout,fixed,20,-20,30,4,-409668,25.0,-10.25
MSTU,low_vol_breakout,fixed,15,-20,30,4,-409668,25.0,-10.25
MSTU,month_q4_bull,fixed,25,-15,20,17,-428458,35.3,-2.52
MSTU,month_q4_bull,fixed,25,-20,30,16,-431312,37.5,-2.7
MSTU,btc_regime2_rsi,fixed,15,-20,30,19,-433922,42.1,-2.29
MSTU,btc_regime1plus,fixed,30,-20,45,17,-439914,29.4,-2.59
MSTU,btc_regime2_only,fixed,25,-15,20,23,-453146,34.8,-1.97
MSTU,not_friday_bull,fixed,15,-20,30,23,-454786,43.5,-1.98
MSTU,dual_btc_qqq_pct,fixed,25,-15,20,6,-459531,33.3,-7.67
MSTU,low_vol_bull,fixed,30,-20,45,5,-469966,20.0,-9.41
MSTU,btc_ret5_pos_regime1,fixed,30,-20,45,15,-476205,33.3,-3.18
MSTU,not_friday_bull,fixed,25,-20,30,21,-487767,38.1,-2.33
MSTU,btc_regime2_only,fixed,30,-20,45,15,-490152,26.7,-3.27
MSTU,low_vol_breakout,fixed,25,-20,30,3,-492073,0.0,-16.42
MSTU,btc_rsi_high_regime,fixed,30,-20,45,15,-520763,26.7,-3.48
ROBN,month_q4_bull,fixed,15,-20,30,4,-527044,25.0,-13.19
MSTU,btc_rsi_high_regime,fixed,25,-20,30,19,-531675,36.8,-2.8
MSTU,btc_rsi_high_regime,fixed,15,-20,30,21,-544641,42.9,-2.6
MSTU,btc_momentum_entry,fixed,20,-20,30,16,-547743,37.5,-3.43
MSTU,btc_regime1plus,fixed,15,-20,30,23,-550942,43.5,-2.4
MSTU,dual_btc_qqq_pct,fixed,15,-15,20,6,-551111,33.3,-9.19
MSTU,dual_btc_qqq_pct,fixed,20,-15,20,6,-551111,33.3,-9.19
MSTU,low_vol_bull,fixed,25,-20,30,5,-559290,20.0,-11.2
MSTU,btc_ret20_strong,fixed,30,-20,45,6,-567512,16.7,-9.47
MSTU,btc_regime1plus,fixed,25,-20,30,21,-568975,38.1,-2.71
MSTU,dual_btc_qqq_strong,fixed,25,-20,30,5,-570014,20.0,-11.41
MSTU,low_vol_bull,fixed,15,-15,20,7,-573141,42.9,-8.2
MSTU,dual_btc_qqq,fixed,25,-15,20,8,-585335,37.5,-7.32
MSTU,dual_btc_qqq,fixed,20,-15,20,8,-585335,37.5,-7.32
MSTU,low_vol_breakout,fixed,30,-20,45,3,-599127,0.0,-19.99
MSTU,variable_size_regime,fixed,20,-20,30,20,-600167,40.0,-3.0
MSTU,dual_btc_qqq_strong,fixed,15,-20,30,5,-604957,20.0,-12.11
MSTU,dual_btc_qqq_strong,fixed,20,-20,30,5,-604957,20.0,-12.11
MSTU,btc_ret5_pos_regime1,fixed,20,-15,20,18,-617141,33.3,-3.43
ROBN,month_q4_bull,fixed,25,-15,20,3,-617495,0.0,-20.6
ROBN,month_q4_bull,fixed,20,-15,20,3,-617495,0.0,-20.6
MSTU,btc_regime2_only,fixed,20,-20,30,20,-633180,40.0,-3.17
MSTU,low_vol_bull,fixed,20,-20,30,5,-637459,20.0,-12.76
ROBN,month_q4_bull,fixed,15,-15,20,5,-640018,20.0,-12.81
MSTU,btc_regime2_only,fixed,15,-20,30,23,-670038,43.5,-2.92
MSTU,not_friday_bull,fixed,30,-20,45,19,-673582,31.6,-3.55
MSTU,variable_size_regime_var,variable,30,-20,45,16,-700646,31.2,-1.25
MSTU,dual_btc_qqq,fixed,30,-20,45,6,-708549,16.7,-11.82
MSTU,dual_btc_qqq,fixed,15,-15,20,8,-720818,37.5,-9.02
MSTU,not_friday_bull,fixed,20,-20,30,21,-747810,38.1,-3.56
MSTU,btc_rsi_high_regime,fixed,20,-20,30,19,-762226,36.8,-4.02
MSTU,dual_btc_qqq_pct,fixed,30,-20,45,6,-792653,16.7,-13.22
MSTU,dual_btc_qqq,fixed,25,-20,30,6,-797872,16.7,-13.31
MSTU,dual_btc_qqq_strong,fixed,30,-20,45,4,-800606,0.0,-20.04
MSTU,low_vol_bull,fixed,15,-20,30,5,-818497,20.0,-16.39
MSTU,btc_ret5_pos_regime1,fixed,25,-15,20,17,-818586,29.4,-4.82
MSTU,dual_btc_qqq_pct,fixed,25,-20,30,6,-824189,16.7,-13.75
MSTU,btc_regime1plus,fixed,20,-20,30,21,-840785,38.1,-4.01
MSTU,dual_btc_qqq_pct,fixed,20,-20,30,6,-900556,16.7,-15.02
MSTU,dual_btc_qqq_pct,fixed,15,-20,30,6,-900556,16.7,-15.02
MSTU,btc_ret5_pos_regime1,fixed,25,-20,30,16,-907128,31.2,-5.68
MSTU,btc_ret5_pos_regime1,fixed,20,-20,30,16,-1019555,31.2,-6.38
MSTU,dual_btc_qqq,fixed,15,-20,30,6,-1057079,16.7,-17.64
MSTU,dual_btc_qqq,fixed,20,-20,30,7,-1087822,14.3,-15.56
MSTU,variable_size_regime_var,variable,15,-20,30,22,-1138778,45.5,-1.41
MSTU,variable_size_regime_var,variable,25,-20,30,20,-1263973,40.0,-1.64
MSTU,variable_size_regime_var,variable,20,-20,30,20,-1718463,40.0,-3.0
